#,Rank FMCK Skövde,Rank Töreboda MK,Rank Tidaholms MK,Rank Falköpings MK,Rank Carlsborgs MK,Rank Tibro MK,Namn,Klubb,Klass,Predicted_Rank,Rank
6.0,2.0,7.4,1.0,1.0,7.6,5.6,Marcus Alsing,SMC,Motion 40-49,4.100000000000029,1
78.0,7.0,5.0,6.0,8.0,8.0,3.0,Albin Elowson,FMCK Skövde,Senior,6.1666666666666945,2
20.0,4.0,11.0,7.0,7.0,12.0,10.0,Anton Rollborn,Djursdala SK,Motion 30-39,8.50000000000003,3
191.0,13.8,23.0,3.0,6.0,3.0,6.0,Christian Larsson,Ulricehamns MK,Motion 50-59,9.13333333333336,4
5.0,5.0,13.0,10.0,29.2,6.0,9.0,Harald Lindholm,Älvbygdens MK,Motion -39,12.033333333333363,5
4.0,16.0,6.0,8.0,24.6,27.4,5.6,Kennet Eriksson,SMK Trollhättan,Motion 60-,14.600000000000026,6
3.0,72.6,8.0,5.0,4.0,4.0,1.0,Niklas Johansson,Kullings MS,Motion 50-59,15.76666666666668,7
182.0,3.0,31.0,15.0,12.0,23.0,17.0,Joakim Holm,FMCK Skövde,Motion 50-59,16.833333333333364,8
186.0,15.0,64.6,4.0,5.0,15.0,11.0,Klas Elofsson,Skene MS,Motion 50-59,19.100000000000033,9
40.0,12.0,14.0,6.0,67.4,11.0,7.0,Melvin Bernström,Carlsborgs MK,Bredd,19.5666666666667,10
59.0,31.6,9.0,20.4,45.4,7.0,5.0,Niklas Mörk,Laxå MK,Motion -39,19.73333333333336,11
198.0,74.4,7.0,9.0,11.0,10.0,13.0,Albin Pettersson,Kristdala Motorsällskap,Motion -39,20.733333333333352,12
50.0,9.0,20.0,6.6,67.4,14.2,16.0,Magnus Blom,Bodafors MK,Bredd,22.20000000000003,13
109.0,27.2,22.0,13.0,25.0,30.0,23.0,Sander Sangberg,Lidköpings MCK,Ungdom E0,23.366666666666696,14
110.0,31.0,18.0,22.0,15.4,34.0,24.2,Liam Nilsson,FMCK Skövde,Ungdom E1,24.100000000000026,15
175.0,47.0,15.0,26.0,11.0,20.0,29.0,Isak Ljungström,Hallsbergs MK,Motion -39,24.666666666666693,16
111.0,19.0,46.2,20.0,23.0,30.6,14.0,Anton Torgin,Donkelo RK,Motion -39,25.466666666666697,17
179.0,18.0,70.6,18.0,11.0,21.0,16.2,Mattias Eriksson,Varbergs MK,Motion 40-49,25.800000000000026,18
141.0,10.0,49.2,39.0,19.2,16.0,27.4,Anton Andersson,Norrahammars MK,Ungdom E1,26.800000000000033,19
245.0,32.0,47.0,27.0,13.0,33.0,19.0,Christian Hagberg,FMCK Borås,Motion 50-59,28.50000000000003,20
100.0,52.0,12.0,12.0,38.8,13.0,45.6,William Bengtsson,Tidaholms MK,Ungdom E0,28.900000000000027,21
105.0,22.0,30.0,32.0,32.8,39.2,20.0,Charlie Bergsten,SMK Värnamo,Ungdom E0,29.333333333333368,22
1244.0,27.0,24.0,23.0,24.0,14.0,68.0,Rikard Sundström,Götene MK,Motion 30-39,30.000000000000032,23
1222.0,24.0,25.0,17.0,19.0,19.0,77.0,Johan Siggesson,Tibro MK,Bredd,30.1666666666667,24
7.0,107.8,4.0,2.0,64.8,1.0,2.0,Emil Wänndahl,Huskvarna MK,Ungdom E1,30.266666666666676,25
171.0,34.0,37.0,31.0,21.0,26.0,34.0,Per Hedskog,SMK Trollhättan,Motion 50-59,30.50000000000003,26
1.0,26.0,33.0,19.0,20.0,24.0,65.0,Johan Elfving,Ulricehamns MK,Motion 40-49,31.166666666666693,27
106.0,37.2,38.0,33.0,17.0,45.8,18.0,Mikael Öhrn,Karlskoga EK,Motion 50-59,31.500000000000025,28
1.0,1.0,1.0,73.6,24.6,27.4,63.0,Robert Friberg,FMCK Skövde,Senior,31.76666666666671,29
102.0,32.6,46.2,25.0,32.8,35.0,20.4,Christer Strand,Tibro MK,Motion 30-39,32.00000000000003,30
123.0,56.2,19.0,57.0,9.0,35.4,28.2,Asbjørn Sletholt,Flittig Motocross og ATV,Motion 60-,34.13333333333336,31
137.0,30.0,53.0,57.0,15.0,40.0,22.0,Herman Aaslestad Ask,Lier MSK,Junior,36.1666666666667,32
120.0,29.0,56.0,16.0,15.4,80.8,21.0,Filip Starck,Norrahammars MK,Motion 40-49,36.36666666666669,33
35.0,6.0,101.8,80.2,10.0,9.0,15.6,Jonathan Petersson,SMK Trollhättan,Bredd,37.10000000000004,34
1248.0,25.0,21.0,34.0,29.0,28.0,90.8,Antti Mankinen,Oslo MK,Bredd,37.9666666666667,35
125.0,21.0,39.0,61.0,28.0,47.0,37.0,Oskar Widin,MK Team Treske,Motion -39,38.83333333333337,36
148.0,41.8,42.6,36.0,25.4,61.0,32.2,Robin Karlsson,Hjo MK,Motion -39,39.833333333333364,37
201.0,46.0,50.0,35.0,27.0,55.0,31.0,Niclas Starck,Wäxjö MS,Motion 50-59,40.6666666666667,38
107.0,56.0,62.0,40.0,18.0,46.0,27.0,Johan Lidén,Eda MK,Motion -39,41.50000000000003,39
104.0,50.0,27.0,46.0,34.2,49.6,46.0,Benny Andersson,Kullings MS,Motion 50-59,42.13333333333336,40
121.0,54.0,29.0,43.0,16.0,84.0,28.0,Jerker Svantesson,Kullings MS,Motion 50-59,42.333333333333364,41
1111.0,43.0,41.0,28.0,39.4,56.2,50.0,Emelie Johansson,Götene MK,Dam,42.93333333333336,42
119.0,28.0,61.8,44.0,14.4,93.2,25.4,Stefan Karlsson,SMK Gävle,Motion 50-59,44.4666666666667,43
115.0,33.0,56.0,24.0,15.4,88.0,51.0,Fredrik Kron,Falköpings MK,Motion 40-49,44.56666666666669,44
52.0,14.0,89.6,51.8,67.4,32.0,15.0,Emil Hermansson,MC Alingsås,Bredd,44.966666666666704,45
118.0,64.0,54.0,41.0,47.0,49.0,41.0,Anton Gustavsson,Mariestads EK,Motion 40-49,49.333333333333364,46
73.0,93.4,3.0,78.6,63.2,2.0,59.0,Robin Berg,SMK Södermanland,Motion 40-49,49.86666666666669,47
1286.0,89.2,35.0,53.0,22.0,31.0,81.0,Axel Virgin Ericsson,Götene MK,Motion -39,51.86666666666669,48
187.0,20.0,137.4,26.2,11.0,53.4,68.6,Jonas Eriksson,Mariestads EK,Motion 40-49,52.7666666666667,49
150.0,70.6,36.4,30.0,22.0,106.2,53.8,Edvin Blad,Oskarshamns MSK,Motion -39,53.166666666666686,50
174.0,13.0,70.6,11.0,11.0,144.4,73.8,Hjalmar Johansson,SMK Eksjö,Ungdom E0,53.966666666666704,51
140.0,70.6,52.0,29.0,22.0,100.8,55.0,Simon Parkkila,Uppsala MK,Motion 16-29,54.90000000000003,52
8.0,123.4,109.8,39.2,44.2,5.0,12.0,Niklas Persson,Karlskoga EK,Senior,55.600000000000016,53
18.0,57.0,43.0,47.0,80.2,42.0,66.0,Håkon Nohr,Borg mc klubb,Junior,55.866666666666696,54
165.0,92.0,42.0,80.0,32.0,50.0,43.0,Rasmus Bengt Olof Malmborg,Björkö EK,Motion -39,56.50000000000003,55
184.0,76.4,26.0,37.0,22.2,107.8,70.0,Staffan Svensson,Helsingborgs MCK,Motion 50-59,56.56666666666669,56
214.0,33.0,115.0,72.0,26.0,69.0,26.0,Mark Edvardsson,Alingsås MCK,Motion 40-49,56.833333333333364,57
141.0,79.0,58.4,82.0,31.2,43.0,48.0,Karim Chanane,FMCK Skövde,Motion -39,56.933333333333366,58
15.0,102.6,10.0,118.2,45.4,9.2,61.4,Andreas Almroth,Borås MK,Motion -39,57.800000000000026,59
114.0,87.0,73.0,68.0,31.0,52.6,39.0,Victor Joensuu,MSK Hammaren,Motion -39,58.433333333333344,60
57.0,69.0,51.0,77.0,33.0,37.0,88.0,Andreas Andersson,Kullings MS,Motion -39,59.16666666666669,61
154.0,53.0,44.8,63.4,48.4,112.4,34.6,Peter Andersson,FMCK Borås,Motion 50-59,59.433333333333366,62
149.0,37.0,95.0,66.0,27.8,91.0,40.0,Daniel Johansson,Töreboda MK,Motion 50-59,59.4666666666667,63
222.0,36.0,72.0,55.0,40.2,121.0,34.4,Christian Kurist,Falköpings MK,Motion 30-39,59.766666666666694,64
11.0,67.0,45.0,71.0,36.0,76.4,64.2,Johan Angerd,Tranemo MK,Motion 40-49,59.933333333333366,65
210.0,70.0,66.0,67.0,40.0,80.0,44.0,Jonathan Lagerqvist,Björkö EK,Motion -39,61.1666666666667,66
1300.0,58.0,64.0,63.0,2.0,76.0,112.0,Liam Qvist,Åbågen MCK,Ungdom E1,62.50000000000003,67
89.0,59.0,75.0,94.0,30.0,41.0,82.0,Karl-Axel Andersson,FMCK Borås,Motion 60-,63.500000000000036,68
1280.0,55.0,108.2,50.0,27.8,45.0,100.0,Tobias Häll,SMK Östgöta,Motion 16-29,64.33333333333337,69
188.0,60.6,65.0,69.0,30.4,111.0,53.0,Erik Wallskog,Töreboda MK,Motion -39,64.83333333333337,70
146.0,51.0,60.0,116.2,48.8,85.4,36.2,Stefan Claesson,Götene MK,Motion 50-59,66.2666666666667,71
169.0,28.2,17.0,84.6,11.0,166.4,92.4,Anders Burström,Westerviks MSK,Motion 50-59,66.60000000000004,72
15.0,50.2,99.0,92.4,50.4,102.0,8.0,Christina Flinge Björsner,SMK Motala MC-Klubb,Motion Dam,67.00000000000003,73
85.0,89.8,40.0,84.4,44.6,29.0,121.0,Jonathan Petersson,SMK Trollhättan,Motion -39,68.13333333333337,74
12.0,17.0,34.0,120.4,84.8,35.6,117.6,Katja Bengtsson,Falköpings MK,Motion Dam,68.23333333333338,75
144.0,11.0,110.0,58.0,43.6,110.6,77.6,Hugo Andersson,Tibro MK,Junior,68.46666666666671,76
202.0,63.0,93.0,80.6,42.8,83.0,48.8,Niklas Kedén,Hjo MK,Motion -39,68.53333333333336,77
944.0,39.0,83.0,51.0,103.4,63.0,73.0,Pontus Lüppert,MK Team Treske,Bredd,68.73333333333338,78
539.0,73.0,16.0,21.0,250.2,18.0,36.0,Fabian Bandling,Vimmerby MS,Junior,69.03333333333336,79
131.0,28.8,47.6,169.2,42.2,106.4,30.0,Tony Johnsson,FMCK Borås,Motion 60-,70.70000000000003,80
1284.0,112.0,49.0,73.0,34.0,47.0,111.0,Tuva Sahlin Palmstedt,Lidköpings MCK,Ungdom E1,71.00000000000003,81
183.0,167.0,77.8,54.0,31.8,51.0,45.0,Andreas Sjöberg,Tibro MK,Motion 40-49,71.1,82
519.0,48.0,28.0,42.0,253.4,25.0,33.0,Jörgen Rutgersson,Stenungsunds MS,Motion 50-59,71.5666666666667,83
518.0,40.0,48.0,14.0,236.2,53.0,47.0,André Blohmé,FMCK Hässleholm,Junior,73.03333333333336,84
122.0,84.4,98.0,107.0,56.8,53.6,39.6,Wiggo Lifvendahl,MK Orion,Ungdom E0,73.23333333333338,85
1203.0,104.0,44.0,83.0,44.0,60.0,107.0,Michael Danielsson,MK Team Treske,Motion 30-39,73.66666666666669,86
190.0,78.0,87.0,132.4,32.2,73.0,42.0,Petter Hedlund,Hallsbergs MK,Motion -39,74.10000000000002,87
1255.0,108.0,56.0,65.0,63.0,62.0,93.0,Jan-Eric Höög,Skene MS,Motion 50-59,74.50000000000003,88
162.0,88.0,69.0,93.0,44.0,77.0,79.0,Hugo Hellström,Norrahammars MK,Ungdom E1,75.00000000000003,89
6.0,84.0,52.0,106.0,65.0,66.4,78.8,Mattias Göransson,Försvarsmaktens EK,Motion -39,75.3666666666667,90
970.0,125.8,67.0,70.0,57.0,66.0,67.8,Gösta Sundborg,Battle of Vikings Sportförening,Motion 30-39,75.60000000000002,91
208.0,145.8,116.2,52.0,42.8,67.6,37.6,Ronnie Femerström,SMK Kolmården,Motion 50-59,77.00000000000001,92
552.0,68.0,32.0,38.0,237.4,36.0,52.0,Anders Billestedt Andersson,Stenungsunds MS,Motion 40-49,77.23333333333336,93
39.0,8.0,103.6,168.8,66.0,63.6,53.6,Fredrik Eisner,Alingsås MCK,Motion 50-59,77.26666666666671,94
1210.0,65.0,77.0,85.0,57.0,82.0,103.0,John Larsson,Carlsborgs MK,Motion -39,78.1666666666667,95
97.0,61.0,117.2,62.0,46.4,100.0,86.8,Patrik Olsson,Lilla Edets MCK,Motion 30-39,78.90000000000002,96
19.0,106.0,55.0,115.0,35.0,98.0,66.0,Harald Lindholm,Älvbygdens MK,Bredd,79.16666666666669,97
7.0,85.0,71.0,102.0,39.0,86.0,97.0,Jacob Stacke,SMK Värnamo,Ungdom E1,80.00000000000003,98
1291.0,105.4,46.0,175.8,32.0,38.0,86.0,Christian Appelgren,Stenungsunds MS,Motion 40-49,80.53333333333337,99
14.0,133.4,105.8,91.4,50.4,99.8,4.0,Christoffer Jonasson,SMC,Motion 30-39,80.80000000000003,100
401.0,135.0,81.0,116.0,38.0,85.0,38.0,Erik Bergstrand,Oskarshamns MSK,Motion 40-49,82.16666666666669,101
1214.0,42.0,97.0,81.0,53.0,106.0,116.0,Daniel Andersson,Götene MK,Motion 40-49,82.50000000000004,102
1310.0,62.0,87.6,79.0,52.0,95.0,120.0,Per Lifvendahl,MK Orion,Motion 50-59,82.60000000000004,103
1521.0,66.0,78.0,96.0,56.0,99.0,102.0,Martin Johansson,Skara MK,Motion -39,82.83333333333337,104
1008.0,104.6,84.0,162.4,57.0,17.0,79.2,Björn Levin,Kinna MK,Bredd,84.03333333333336,105
206.0,75.0,122.0,60.0,42.8,116.8,87.6,Tommy Oldenburg,FMCK Skövde,Motion 30-39,84.03333333333337,106
101.0,72.0,157.0,89.0,54.0,76.6,60.0,Marcus Lind,Tidaholms MK,Motion 50-59,84.7666666666667,107
151.0,113.0,112.0,125.0,40.6,70.0,58.0,Måns Kling,Huskvarna MK,Motion -39,86.43333333333337,108
193.0,117.0,36.0,58.0,38.8,167.8,102.2,Patrick Wik,Skene MS,Motion 40-49,86.63333333333337,109
931.0,49.0,76.0,59.0,220.8,54.0,71.0,Per Wikvist,Hallsbergs MK,Motion 50-59,88.30000000000004,110
1561.0,122.0,63.0,90.0,48.0,57.0,150.0,Isac Tornberg,Carlsborgs MK,Ungdom E0,88.33333333333336,111
1228.0,112.0,80.0,86.0,42.0,103.0,108.0,Johan Törnqvist,FMCK Skövde,Motion 40-49,88.50000000000003,112
1321.0,76.0,109.0,64.0,45.0,93.0,145.0,Lisa Nyqvist,Stenungsunds MS,Ungdom E1,88.66666666666671,113
102.0,128.0,85.0,117.0,55.0,72.0,79.0,Rikard Sundström,Götene MK,Motion -39,89.33333333333336,114
1526.0,153.4,61.0,84.0,41.0,56.0,144.0,Håkan Persson,MK Ran,Motion 60-,89.90000000000002,115
147.0,73.8,65.4,156.0,42.2,143.0,59.0,Carolin Wedemalm,Falköpings MK,Motion Dam,89.90000000000003,116
177.0,74.2,108.0,128.0,53.0,117.0,65.0,Asbjørn Sletholt,"Flittig, Utenlandsk klubb",Motion 60-,90.86666666666672,117
1205.0,93.0,79.0,112.0,58.0,90.0,116.0,Christopher Skansen,Kinds MK,Motion 30-39,91.33333333333337,118
100.0,35.0,173.6,105.2,32.8,140.4,61.0,Hugo Lindström,FMCK Borås,Motion -39,91.33333333333339,119
620.0,45.0,74.0,49.0,288.2,44.0,51.0,Albin Bäckström Herbertsson,Säffle MCK,Bredd,91.86666666666669,120
1355.0,126.6,68.0,95.0,73.0,97.0,94.0,Anders Jansson Lorek,Göta MS,Motion 50-59,92.2666666666667,121
336.0,95.0,116.0,119.4,66.0,101.0,56.6,Eddie Bergman,Tibro MK,Bredd,92.33333333333337,122
1225.0,80.0,118.0,104.0,46.0,75.0,136.0,Owe Slätt,Stenungsunds MS,Motion 50-59,93.16666666666671,123
240.0,124.4,131.0,103.2,56.4,128.2,25.0,Melker Djurstedt,Djursdala SK,Bredd,94.70000000000003,124
1206.0,105.0,105.0,97.0,59.0,94.0,114.6,Jan-Olof Wallskog,Töreboda MK,Motion 60-,95.7666666666667,125
108.0,105.8,123.0,119.2,46.6,105.0,78.0,Max Linder,Tibro MK,Ungdom E0,96.2666666666667,126
105.0,136.0,102.0,135.0,55.0,102.0,67.0,Kalle Hindström,Tibro MK,Junior,99.50000000000003,127
71.0,44.0,229.8,75.0,54.8,75.2,118.2,Aron Goes,Kortedala MK,Motion -39,99.50000000000006,128
1218.0,118.0,111.0,100.0,55.0,108.0,110.0,Robin Gunnarsson,Skene MS,Junior,100.33333333333337,129
213.0,123.0,117.0,139.0,55.2,114.0,56.0,Christer Hedihn,FMCK Borås,Motion 50-59,100.70000000000003,130
112.0,121.0,141.0,126.0,43.0,127.0,54.0,Jimmy Johansson,Försvarsmaktens EK,Bredd,102.00000000000003,131
104.0,115.0,142.0,136.0,51.4,106.0,64.0,Hans Svärd,Alingsås MCK,Motion 50-59,102.40000000000003,132
1209.0,130.0,86.0,118.0,67.0,97.0,117.2,Anton Isaksson,Götene MK,Motion 16-29,102.53333333333337,133
21.0,23.0,115.4,168.4,69.8,125.8,113.2,Mattias Jonsson,Vimmerby MS,Motion 40-49,102.60000000000005,134
101.0,129.0,110.0,151.0,42.4,96.0,88.6,Stefan Johansson,Falköpings MK,Motion 40-49,102.83333333333337,135
408.0,151.8,58.0,257.8,37.0,67.0,47.2,Fredric Randström,Hagfors MS,Motion 40-49,103.13333333333338,136
277.0,101.8,94.0,92.0,147.4,105.0,82.2,Max Karlsson,Stenungsunds MS,Ungdom E1,103.73333333333336,137
1227.0,116.0,101.0,133.0,60.0,91.0,126.2,Niklas Strömberg,Götene MK,Motion 40-49,104.53333333333337,138
1215.0,197.8,59.0,138.4,52.8,68.0,115.0,Stefan Liljedahl,Tibro MK,Motion 40-49,105.16666666666667,139
1232.0,81.0,143.2,87.0,75.2,94.8,151.6,Olle Häger,Örebro EK,Junior,105.4666666666667,140
513.0,90.0,91.0,74.0,240.4,82.0,62.0,Emil Kårlin,Lilla Edets MCK,Motion 40-49,106.5666666666667,141
1245.0,107.0,90.0,120.0,76.0,115.0,137.0,Jonas Nilsson,Helsingborgs MCK,Motion 50-59,107.50000000000003,142
250.0,89.0,138.0,154.0,50.6,112.0,102.2,Roger Wallgren,FMCK Skövde,Motion 50-59,107.63333333333338,143
964.0,158.0,128.0,114.0,55.0,120.0,74.0,Pelle Persson,Falköpings MK,Motion 50-59,108.1666666666667,144
1520.0,153.0,99.0,122.0,68.0,92.0,118.0,Edvin Wiberg,Solshesters MCK,Junior,108.66666666666667,145
1292.0,88.2,103.0,191.4,49.0,74.0,147.8,Lee Fryer,Helsingborgs MCK,Motion 40-49,108.90000000000003,146
1503.0,160.0,89.0,124.0,62.0,81.0,138.0,Lukas Jälmestedt,Målilla MK Motocrossklubb,Motion 30-39,109.00000000000001,147
30.0,75.0,134.0,161.0,110.0,59.0,116.6,Magnus Lundén,Wäxjö MS,Motion 50-59,109.2666666666667,148
28.0,188.6,2.0,185.2,66.6,109.4,104.2,Elis Wahlman,SMK Kolmården,Ungdom E1,109.33333333333334,149
108.0,98.8,163.6,107.0,38.6,132.8,115.4,Tobias Carlsson,Norrahammars MK,Senior,109.3666666666667,150
145.0,115.0,133.0,130.0,72.0,118.2,90.0,Daniel Blomqvist,FMCK Skövde,Motion 40-49,109.70000000000002,151
223.0,134.4,125.0,124.0,58.0,130.8,92.0,Jens Andersson,Töreboda MK,Motion 50-59,110.70000000000005,152
173.0,60.0,98.8,168.0,21.0,185.8,131.2,Jonas Gustafsson,Götene MK,Motion 40-49,110.80000000000004,153
91.0,112.8,128.6,114.2,96.0,68.4,148.6,Magnus Persson,Götene MK,Motion 50-59,111.43333333333337,154
10.0,181.0,84.2,148.0,95.2,97.0,63.4,Emelie Nilsson,Ma Lerum,Dam,111.4666666666667,155
1263.0,146.0,106.0,132.0,51.0,104.0,132.0,Mats Andersson,Kullings MS,Motion 60-,111.83333333333336,156
1237.0,110.0,107.0,131.0,61.8,128.0,135.8,emelie johansson,Götene MK,Dam,112.2666666666667,157
1296.0,167.4,66.2,187.0,77.2,48.0,127.8,Anders Olsson,Götene MK,Motion 50-59,112.26666666666671,158
976.0,149.0,110.0,157.0,59.2,116.0,83.0,Max Linder,FMCK Skövde,Ungdom E0,112.3666666666667,159
215.0,71.0,161.8,113.4,62.0,170.0,99.0,Simon Andersson,Team Värmland MK,Motion 30-39,112.8666666666667,160
794.0,91.0,88.0,45.0,314.2,71.0,75.0,Alicia Isaksson,Falköpings MK,Ungdom E0,114.03333333333335,161
536.0,111.0,82.0,105.0,239.6,78.0,69.0,Hugo Andersson,Tibro MK,Ungdom E1,114.10000000000002,162
1465.0,201.2,211.6,176.4,14.0,27.0,55.0,Alexander Fält,Försvarsmaktens EK,Motion 30-39,114.20000000000002,163
994.0,100.0,143.0,119.0,59.2,191.4,85.0,Victoria Wester,FMCK Skövde,Motion Dam,116.26666666666671,164
103.0,151.0,137.0,163.0,55.0,135.0,57.0,William Brehag Von Haugwitz,Carlsborgs MK,Ungdom E1,116.33333333333336,165
332.0,101.0,170.0,149.0,64.0,138.4,76.0,Carl Christoffer Bruenech,Flittig,Motion 50-59,116.40000000000005,166
34.0,133.6,89.2,101.0,127.2,39.0,209.0,Anders Roth,Kristdala Motorsällskap,Motion 50-59,116.50000000000003,167
164.0,90.8,174.0,108.0,83.0,134.0,116.8,Karsten Hyllestad,Sotenäs,Senior,117.76666666666671,168
1267.0,83.0,92.0,239.0,65.0,87.0,145.4,Torbjörn Andersson,MSK Skinnskatteberg,Motion 60+,118.5666666666667,169
116.0,139.0,142.2,158.0,44.6,150.4,79.6,Jonas Milefors,Kortedala MK,Motion 40-49,118.96666666666668,170
186.0,46.6,245.0,134.8,58.4,112.2,120.4,Erik Isaksson,Tranås MS,Motion -39,119.56666666666672,171
314.0,122.0,57.0,158.6,189.0,107.6,85.6,Mikael Andersson,MK Pionjär,Motion 60-,119.9666666666667,172
225.0,173.0,140.0,135.0,58.0,130.8,92.0,Mikael Starby,Tranås MS,Motion 50-59,121.4666666666667,173
369.0,158.0,134.2,103.0,164.0,124.0,49.0,Stefan Andersson,SMK Trollhättan,Motion 50-59,122.03333333333336,174
1299.0,74.0,83.8,190.8,80.2,174.4,139.6,Cristoffer Matlak,Alingsås MCK,Motion 40-49,123.80000000000007,175
5.0,116.0,68.2,188.2,91.0,121.0,159.0,Jonas Strand,Uppsala MCK,Motion 50-59,123.90000000000005,176
1373.0,127.0,127.0,91.0,89.2,126.0,184.0,Richard Kling,MK Pionjär,Motion 50-59,124.03333333333336,177
1239.0,99.0,143.0,147.8,85.2,110.2,160.0,Roger Wallgren,FMCK Skövde,Motion 50-59,124.20000000000005,178
577.0,41.0,311.0,48.0,232.2,59.0,63.0,Marcus Adielsson,Tibro MK,Senior,125.70000000000003,179
1287.0,126.8,70.0,200.8,97.6,125.6,133.6,Marcus Ljung,SMK Trollhättan,Motion 50-59,125.73333333333338,180
204.0,156.4,147.0,127.0,60.4,168.8,106.0,Rikard Andersson,SMK Värnamo,Bredd,127.60000000000002,181
285.0,139.6,180.2,172.6,138.6,100.0,35.0,Patrick Wik,Skene MS,Motion 40-49,127.66666666666669,182
205.0,155.4,149.8,152.0,60.4,127.8,121.8,Tomas Aronsson,Töreboda MK,Motion 50-59,127.86666666666669,183
29.0,38.0,178.2,176.2,86.6,133.2,156.8,Wilmer Jansson,Tidaholms MK,Ungdom E1,128.1666666666667,184
92.0,138.0,119.0,108.0,84.0,132.0,201.0,Oliver Önnefors,FMCK Skövde,Junior,130.33333333333337,185
524.0,109.0,124.6,98.0,248.6,113.0,92.0,Olof Backman,Karlskoga EK,Ungdom E1,130.8666666666667,186
246.0,134.4,161.0,182.0,85.4,137.0,86.4,Rickard Forsberg,Mariestads EK,Motion -39,131.03333333333336,187
265.0,82.0,161.0,187.4,110.8,134.8,114.8,Eddie Hallblom,Ludvika MS,Motion 30-39,131.80000000000004,188
13.0,180.4,148.4,209.8,66.2,22.0,170.4,Oliver Franic,Norrahammars MK,Motion 16-29,132.8666666666667,189
177.0,100.2,160.2,194.8,101.2,129.0,112.6,Edvin Kindgren,SMK Eksjö,Ungdom E1,133.00000000000006,190
228.0,103.0,209.8,181.2,57.8,168.6,79.8,Andreas Lambert Melander,Lilla Edets MCK,Motion 40-49,133.36666666666673,191
1241.0,179.0,146.0,134.0,78.4,107.0,165.8,Magnus Thor,Battle of Vikings Sportförening,Senior,135.03333333333336,192
923.0,124.0,120.0,121.0,271.8,103.0,72.0,Henrik Andersen,Östhammars MK,Motion 50-59,135.30000000000004,193
507.0,127.8,104.0,190.4,243.0,65.0,83.2,Marcel Tara,Tibro MK,Junior,135.5666666666667,194
299.0,137.2,159.0,137.0,147.4,136.0,97.0,Tommy Johansson,Skene MS,Motion 50-59,135.60000000000002,195
1202.0,141.0,143.8,173.8,88.4,128.6,140.6,Philip Lizell,Rättvik Boda MK,Motion 16-29,136.0333333333334,196
997.0,94.0,197.0,202.0,67.2,131.0,127.0,Hans-Erik Holmqvist,SMK Gävle,Motion 40-49,136.3666666666667,197
1517.0,137.0,153.0,140.0,93.4,121.8,176.0,Jan Olof Carlsson,Norrahammars MK,Motion 60-,136.8666666666667,198
520.0,141.8,119.2,141.6,176.0,141.8,106.6,Peter Bysell,FMCK Strängnäs,Motion 40-49,137.83333333333337,199
1363.0,144.6,129.2,147.8,98.2,141.0,168.0,Ulric Karlsson,Tidaholms MK,Motion 40-49,138.13333333333335,200
1257.0,152.0,130.0,162.0,74.0,119.0,192.0,Oddbjørn Sandvik,Flittig Enduro,Motion 40-49,138.1666666666667,201
960.0,193.6,166.0,175.6,60.8,136.0,99.0,Andreas Breitfeld,Kungsbacka MA,Motion -39,138.50000000000003,202
236.0,141.2,210.6,156.2,50.0,168.2,106.8,Emil Gabrielsson,Skene MS,Ungdom E1,138.83333333333334,203
65.0,86.0,194.8,167.0,54.8,147.8,189.8,Melker Svantesson,Kullings MS,Motion -39,140.0333333333334,204
230.0,156.4,188.8,181.8,78.6,139.0,96.0,Johan Elofsson,Örebro EK,Motion 30-39,140.10000000000002,205
989.0,97.0,209.0,193.0,83.6,164.0,95.6,Håkan Svensson,FMCK Eksjö,Motion 60-,140.3666666666667,206
1006.0,122.0,175.0,217.2,81.4,152.0,99.2,Max Wennerlund,Tranås MS,Bredd,141.13333333333338,207
526.0,144.0,126.0,129.0,243.4,118.0,87.4,Magnus Ragnarsson,Skene MS,Motion 50-59,141.30000000000004,208
1305.0,147.2,145.8,190.6,95.6,110.0,163.0,Tommy Andersson,Götene MK,Motion 40-49,142.0333333333334,209
1287.0,179.8,207.2,111.0,97.4,144.6,114.0,Johan Alexandersson,Götene MK,Motion 40-49,142.33333333333334,210
216.0,183.4,228.0,188.6,66.2,131.0,65.4,Linus Karlsson,Fjugesta MS,Bredd,143.76666666666668,211
568.0,178.4,145.0,175.2,215.2,88.0,61.0,Emil Meijer,Götene MK,Motion -39,143.79999999999998,212
520.0,136.0,96.0,171.4,253.4,144.0,66.0,Markus Göransson,Lilla Edets MCK,Motion -39,144.4666666666667,213
233.0,157.6,192.8,170.6,71.0,168.2,109.2,Tord Wigren,SMK Ockelbo,Motion 50-59,144.9,214
3.0,140.0,109.8,177.0,105.0,123.0,216.0,Svante Strömberg,Götene MK,Motion -39,145.13333333333335,215
1011.0,122.0,160.0,213.2,89.0,183.0,104.0,Pontus Martinez Johansson,Töreboda MK,Ungdom E0,145.20000000000005,216
1217.0,156.0,132.0,164.2,86.0,122.0,211.0,Johan Eklund,Upplands Väsby MK,Motion 50-59,145.20000000000005,217
959.0,102.0,235.6,109.0,111.2,197.8,117.2,Patrik Olsson,Lilla Edets MCK,Motion -39,145.4666666666667,218
315.0,151.0,151.8,152.0,199.2,134.6,85.0,Rasmus Levén,Bodafors MK,Motion -39,145.60000000000002,219
256.0,188.0,169.0,180.0,96.8,152.8,89.4,Tommy Gustafsson,Huskvarna MK,Motion -39,146.00000000000003,220
1333.0,178.8,152.0,134.6,81.0,144.8,187.0,Jörgen Gustafsson,Lidköpings MCK,Motion 50-59,146.3666666666667,221
170.0,87.4,187.6,194.8,91.0,204.0,116.8,Karl Essgärde,Götene MK,Motion 50-59,146.9333333333334,222
507.0,96.0,195.0,152.2,243.0,106.8,93.4,Hans Gustafsson,Tibro MK,Motion 50-59,147.73333333333338,223
527.0,132.0,149.0,123.0,243.4,141.8,105.0,Andreas Jorlöv,Kullings MS,Motion 40-49,149.03333333333336,224
514.0,114.0,175.0,147.0,241.2,118.8,101.0,Andreas Josefsson,Falköpings MK,Bredd,149.50000000000003,225
512.0,119.0,175.0,144.0,240.4,118.8,101.0,Christoffer Jonasson,SMC,Motion -39,149.70000000000005,226
1367.0,148.0,148.0,178.4,79.0,167.0,179.6,Fredrik Theorell,Tibro MK,Senior,150.00000000000003,227
17.0,173.2,169.6,222.0,129.0,142.2,64.2,Jonas Svensson,Hallsbergs MK,Motion 40-49,150.03333333333336,228
1014.0,157.8,164.4,270.6,46.2,232.2,32.0,Jonas Alm,Rasbo MK,Motion 16-29,150.5333333333334,229
1219.0,182.6,171.0,164.0,88.0,150.0,159.0,Tony Larsson,FMCK Borås,Motion 50-59,152.43333333333337,230
22.0,204.4,224.4,206.0,101.8,154.2,24.0,Lars-Erik Hult,Bollnäs MK,Motion 50-59,152.46666666666667,231
271.0,158.0,188.0,173.0,126.6,168.0,103.4,Markus Hansson,FMCK Borås,Motion 50-59,152.83333333333337,232
1015.0,172.6,279.6,224.4,57.0,63.0,126.8,Tommy Berndtsson,SMK Trollhättan,Motion 60+,153.90000000000006,233
82.0,160.6,187.4,166.2,61.0,161.8,189.4,Viking Lindström,MK Orion,Junior,154.40000000000003,234
321.0,182.0,167.0,184.0,95.0,165.6,134.0,Krister Thorell,SMK Gävle,Motion 50-59,154.60000000000002,235
1236.0,124.4,195.2,140.0,103.8,155.0,209.6,Johan Andersson,Göta MS,Motion 50-59,154.6666666666667,236
1219.0,163.0,155.6,183.0,88.4,143.6,194.6,Oskar Johansson,Linköpings MS,Motion -39,154.70000000000005,237
1211.0,164.2,144.0,143.0,85.0,209.0,183.4,Mattias Ringholm,Hallsbergs MK,Motion 40-49,154.7666666666667,238
1007.0,170.0,114.0,225.4,65.2,230.6,124.2,Peter Franzén,Kortedala MK,Motion 50-59,154.90000000000003,239
1238.0,164.0,192.2,145.0,101.0,130.6,198.0,Marcus Torstensson,MCK Hallandia,Motion 40-49,155.13333333333338,240
333.0,157.0,177.8,143.0,223.8,138.4,97.0,Christoffer Gustafsson,Försvarsmaktens EK,Motion 40-49,156.1666666666667,241
655.0,171.4,189.8,99.0,277.8,52.0,148.0,Rickard Persson,Tibro MK,Motion 40-49,156.33333333333337,242
1334.0,187.8,151.0,166.0,105.4,144.8,186.0,Magnus Grahn,Försvarsmaktens EK,Motion 50-59,156.83333333333337,243
37.0,196.0,185.0,212.0,69.0,161.0,118.0,William Blom,Skene MS,Ungdom E1,156.83333333333337,244
1253.0,206.0,168.0,174.0,73.0,156.0,166.0,Johan Kjellson,FMCK Skövde,Motion 40-49,157.1666666666667,245
519.0,164.0,119.2,181.6,235.0,141.8,106.6,Patrik Förkrök Ledström,SMK Vadstena,Motion 30-39,158.03333333333336,246
32.0,182.0,204.6,259.0,109.2,173.6,21.0,Stefan Eriksson,FMCK Hässleholm,Motion 50-59,158.23333333333338,247
1200.0,184.6,158.0,186.0,82.8,147.0,191.6,Jan Mikkola,FMCK Falun,Motion 50-59,158.33333333333334,248
533.0,134.0,129.0,146.0,227.8,173.0,141.0,Wilmer Nilsson,Hallsbergs MK,Ungdom E0,158.4666666666667,249
924.0,173.0,121.0,184.0,325.0,89.0,59.0,Henrik Lindström,FMCK Borås,Motion 40-49,158.50000000000003,250
200.0,155.0,224.0,175.0,83.0,230.0,91.0,Erik Larsson,Tibro MK,Motion -39,159.6666666666667,251
232.0,157.6,192.8,188.6,87.2,220.0,116.2,Mikael Strand,Uppsala MCK,Motion 50-59,160.40000000000003,252
995.0,147.2,207.0,210.0,94.2,200.0,107.0,Magnus Björkman,SMK Kolmården,Motion 50-59,160.90000000000003,253
1387.0,173.8,231.2,170.8,70.0,168.8,153.0,Mikael Wiberg,Hallsbergs MK,Motion 50-59,161.26666666666668,254
1314.0,195.0,166.6,181.0,90.0,153.0,182.0,Albin Strandhag,FMCK Skövde,Motion -39,161.26666666666668,255
218.0,204.0,209.8,187.6,66.4,183.4,117.8,Lucas Robinsson,Falköpings MK,Junior,161.50000000000003,256
547.0,158.8,139.0,187.0,258.8,150.4,78.0,Tomas Blom,Hallsbergs MK,Motion 40-49,162.00000000000003,257
243.0,210.0,176.6,229.4,87.2,166.8,105.0,Tilda Mehtonen,FMCK Skövde,Dam,162.50000000000003,258
300.0,148.4,182.8,188.8,147.4,199.0,109.0,Anders Berglund,Örebro EK,Motion 50-59,162.5666666666667,259
1251.0,218.0,156.0,176.0,85.0,140.0,202.0,Andreas Lambert Melander,Lilla Edets MCK,Motion 40-49,162.83333333333337,260
1311.0,235.0,131.0,171.0,89.2,170.8,181.8,Stefan Andersson,Lilla Edets MCK,Motion 40-49,163.13333333333335,261
220.0,171.0,209.8,172.8,66.4,227.4,133.4,Tommy Berndtsson,SMK Trollhättan,Motion 60-,163.46666666666673,262
1302.0,199.8,136.0,232.8,103.2,146.0,167.4,Conny Kraiman,Haninge MK,Motion 50-59,164.20000000000002,263
1234.0,174.0,167.0,205.0,87.2,169.0,183.4,Jesper Storm,Tidaholms MK,Junior,164.2666666666667,264
551.0,142.0,251.4,110.0,237.4,149.0,96.0,Marcus Stacke,SMK Värnamo,Motion 40-49,164.30000000000004,265
113.0,193.6,223.2,206.8,3.0,216.4,145.2,Linus Lamberg,Tibro MK,Junior,164.70000000000005,266
537.0,169.6,172.2,149.8,246.0,150.8,102.0,Victor Fahlén,Försvarsmaktens EK,Senior,165.0666666666667,267
309.0,137.2,257.0,153.0,184.6,164.8,97.0,Sam Hämäläinen,Tibro MK,Motion 40-49,165.60000000000005,268
1012.0,158.4,193.0,235.4,83.6,221.8,104.0,Martin Strandberg,BMK Uddevalla,Bredd,166.0333333333334,269
534.0,184.0,196.4,144.2,182.0,196.2,94.2,Algot Hessel,Tidaholms MK,Ungdom E0,166.16666666666669,270
521.0,161.6,113.0,152.8,253.4,162.2,155.0,Lars Hedenskog,Upplands Väsby MK,Motion 50-59,166.33333333333337,271
940.0,161.0,249.2,56.0,325.0,58.0,149.8,Tommy Oldenburg,FMCK Skövde,Motion -39,166.50000000000003,272
1226.0,191.0,176.0,188.0,101.8,160.2,183.4,Jim Larsson,Stenungsunds MS,Motion 50-59,166.73333333333338,273
313.0,134.8,194.4,156.8,289.0,139.2,86.8,Per Korsell,Götene MK,Motion 40-49,166.83333333333337,274
1308.0,196.8,160.2,222.4,77.0,195.4,152.0,Max Åsåker,SMK Hedemora,Motion 30-39,167.30000000000004,275
537.0,168.0,173.0,141.4,267.2,156.0,101.0,Patric Gustafsson,Huskvarna MK,Motion -39,167.76666666666668,276
1283.0,215.8,213.8,142.0,103.4,162.0,170.6,Thomas Gustafsson,Älvbygdens MK,Motion 60-,167.93333333333337,277
668.0,161.8,218.0,149.6,255.2,79.0,147.8,Björn Runfeldt,Norrahammars MK,Motion 40-49,168.5666666666667,278
961.0,150.0,251.0,197.8,87.8,214.0,113.0,Linus Kjellström,Götene MK,Motion -39,168.9333333333334,279
530.0,120.0,215.0,148.0,247.0,160.0,124.0,Gustav Thell,Gotlands MF:s Motorcykelklubb,Ungdom E0,169.00000000000006,280
1022.0,122.0,164.4,287.2,67.2,243.4,131.0,Håkan Gustafsson,Alingsås MCK,Bredd,169.20000000000005,281
1262.0,243.0,135.0,201.0,75.0,130.0,232.0,Jonas Nordmark,Varbergs MK,Motion 50-59,169.33333333333334,282
4.0,339.0,162.2,190.2,114.4,93.0,119.8,Björn Jorlöv,Kullings MS,Motion 40-49,169.76666666666665,283
986.0,144.0,316.4,165.0,77.4,197.0,123.0,Jacob Backman,FMCK Falun,Motion 16-29,170.4666666666667,284
18.0,155.6,150.6,192.8,96.8,154.2,273.0,Joel Rådberg,SMK Trollhättan,Bredd,170.50000000000006,285
325.0,179.6,194.4,142.8,239.0,139.2,128.6,Lucas Holgersson,MC Alingsås,Senior,170.60000000000002,286
978.0,159.8,240.0,186.2,101.8,215.0,126.0,Olle Mårtensson,SMK Värnamo,Junior,171.4666666666667,287
577.0,152.0,219.0,198.4,205.0,135.4,122.0,Mathilda Sandberg,Skene MS,Dam,171.9666666666667,288
554.0,163.6,198.8,118.8,223.0,183.2,145.0,Jacob Lundholm,Hedeland MK,Motion 40-49,172.06666666666672,289
524.0,188.0,154.0,174.0,259.0,148.8,109.2,Martin Jonsson,Töreboda MK,Motion 40-49,172.1666666666667,290
212.0,316.0,181.6,187.6,75.6,183.4,93.6,Stefan Larsson,Carlsborgs MK,Motion 50-59,172.96666666666664,291
952.0,170.0,229.0,196.0,100.8,203.0,139.0,Sixten Larsson,FMCK Borås,Ungdom E1,172.9666666666667,292
538.0,163.4,174.8,149.8,299.0,146.8,106.0,Per Lifvendahl,MK Orion,Bredd,173.30000000000004,293
574.0,150.8,230.6,198.6,234.0,139.8,86.4,Fredrik Hesselgren,Norrahammars MK,Motion 30-39,173.3666666666667,294
1260.0,225.0,174.0,183.0,100.0,166.0,194.0,Kenneth Pettersson,FMCK Skövde,Motion 50-59,173.66666666666669,295
1240.0,166.0,205.0,194.0,112.8,168.8,196.0,Knut Persson,Tibro MK,Ungdom E0,173.7666666666667,296
1319.0,226.8,185.0,195.4,89.2,174.0,173.0,Johan Siggesson,Tibro MK,Motion 50-59,173.90000000000003,297
1467.0,223.2,150.0,251.6,81.4,172.6,165.4,Simon Rutgersson,Stenungsunds MS,Ungdom E1,174.0333333333334,298
1221.0,212.0,182.0,190.0,89.0,180.0,196.0,Rickard Bengtsson,Falköpings MK,Motion 40-49,174.83333333333337,299
1320.0,227.2,203.0,179.8,89.2,183.2,170.0,Sebastian Lundblad,Falköpings MK,Bredd,175.40000000000003,300
61.0,183.0,277.6,155.0,87.0,145.0,206.0,Filip Wahlström,Hallsbergs MK,Ungdom E0,175.60000000000002,301
552.0,196.4,198.8,164.2,216.0,161.2,119.8,Carl-Ulric Wendin,Östhammars MK,Motion 50-59,176.0666666666667,302
573.0,150.8,230.6,198.6,185.0,178.8,112.8,Joel Björkman,SMK Kolmården,Motion -39,176.10000000000005,303
576.0,214.0,100.0,230.2,232.2,109.0,176.2,Jimmy Andersson,FMCK Falun,Motion 40-49,176.93333333333334,304
900.0,125.0,166.4,138.0,325.0,187.0,122.0,Henrik Olsson,Falköpings MK,Motion 40-49,177.23333333333338,305
1427.0,180.0,225.8,175.2,77.4,171.8,233.2,Simon Henriksson,Lilla Edets MCK,Motion -39,177.23333333333338,306
1378.0,223.4,168.6,170.2,110.6,171.0,220.0,Agnes Kindgren,SMK Eksjö,Motion Dam,177.3,307
549.0,205.4,180.8,169.4,228.0,161.2,122.6,Tommy Jonsson,Mariestads EK,Motion 40-49,177.90000000000003,308
471.0,222.2,187.0,331.6,82.0,125.0,126.6,Wilje Bogren,Töreboda MK,Ungdom E0,179.0666666666667,309
535.0,184.0,196.4,132.6,271.0,196.2,94.2,Michael Rehn,Timrå EK,Motion 50-59,179.06666666666672,310
287.0,170.2,253.0,229.0,138.6,184.0,100.8,Oscar Karlsson,Fjugesta MS,Bredd,179.26666666666668,311
317.0,179.6,194.4,191.2,203.0,179.0,128.6,Anton Sandstedt,Tibro MK,Senior,179.30000000000004,312
231.0,151.8,288.0,197.8,87.2,233.0,119.0,Hans Palm,Norrahammars MK,Motion -39,179.4666666666667,313
996.0,175.0,273.0,244.2,79.6,175.0,130.8,Mikael Kristensson,MCK Hallandia,Motion 60-,179.60000000000005,314
327.0,183.0,194.4,142.8,333.0,139.2,86.8,Ludvig Pettersson,Töreboda MK,Junior,179.86666666666667,315
553.0,171.8,198.8,118.8,263.0,183.2,145.0,Emil Mann,Falköpings MK,Junior,180.10000000000002,316
578.0,147.2,273.6,217.0,232.2,64.0,149.8,Sam Aronsson,Töreboda MK,Ungdom E1,180.63333333333335,317
112.0,207.0,182.0,293.0,62.4,185.6,156.4,Patrik Förkrök Ledström,SMK Vadstena,Motion -39,181.06666666666672,318
1293.0,172.0,203.0,195.0,104.0,201.0,212.0,Kevin Andersson,SMK Kolmården,Motion -39,181.16666666666669,319
1207.0,254.0,174.8,194.4,106.0,158.6,200.2,Matilda Huss,Göta MS,Dam,181.33333333333334,320
322.0,217.6,215.0,223.2,135.0,170.2,128.6,Christian Klarkner,Västerås MK,Motion -39,181.60000000000002,321
580.0,182.4,201.0,192.6,242.0,153.0,122.0,Roland Ekberg,Gnesta MK,Motion 40-49,182.1666666666667,322
198.0,156.4,234.0,267.0,96.4,190.2,150.8,Wiggo Hansson,Tidaholms MK,Ungdom E1,182.4666666666667,323
303.0,197.8,216.4,191.2,153.0,179.0,158.4,Casper Eriksson,FMCK Skövde,Ungdom E0,182.63333333333335,324
949.0,77.0,288.2,88.0,325.0,202.8,117.2,Fredrik Sääv,Götene MK,Motion 40-49,183.03333333333336,325
315.0,197.8,215.0,191.2,187.0,179.0,128.6,Tim Johansson,Linköpings MS,Motion -39,183.10000000000002,326
639.0,228.8,177.0,141.0,277.4,192.0,84.0,Joakim Hedström,Kinds MK,Motion 60-,183.36666666666667,327
90.0,278.0,177.4,238.0,49.8,169.4,189.0,Eric Lindblad,Hjo MK,Motion -39,183.6,328
238.0,155.4,194.0,297.0,99.6,202.2,155.0,Åke Wellander,Hallsbergs MK,Ungdom E0,183.86666666666667,329
548.0,218.0,248.6,113.0,258.8,144.8,121.6,Lars-Olof Lindström,FMCK Borås,Motion 40-49,184.13333333333333,330
729.0,160.6,172.0,159.0,302.4,165.0,146.0,Ronny Larsen,Flittig MX/ATV,Motion 40-49,184.16666666666669,331
1269.0,194.2,236.6,250.6,91.0,205.4,128.0,Filip Johansson,Tidaholms MK,Motion -39,184.30000000000004,332
536.0,211.6,246.6,149.8,200.0,196.2,102.0,Patrik Johansson,Tibro MK,Motion -39,184.3666666666667,333
301.0,230.2,216.4,191.2,132.0,179.0,158.4,Lars Nilsson,BMK Uddevalla,Motion 50-59,184.53333333333336,334
318.0,197.8,215.0,191.2,167.0,179.0,158.4,Henrik Övragård,Örbyhus MCK,Motion 30-39,184.73333333333335,335
509.0,133.0,216.0,198.0,235.2,197.8,130.0,Andréas Svensson,Stenungsunds MS,Motion 40-49,185.00000000000006,336
145.0,228.0,160.8,198.4,76.0,294.0,154.0,Anders Månsson,FMCK Borås,Motion 50-59,185.20000000000005,337
180.0,90.0,207.4,331.0,106.2,177.0,199.6,Jonas Bergqvist,Skene MS,Motion 40-49,185.20000000000007,338
328.0,208.6,215.0,193.4,198.0,170.2,128.6,Tommi Ragnarsson,Skene MS,Motion 50-59,185.63333333333335,339
321.0,208.6,215.0,191.2,202.0,170.2,128.6,Christian Svensson,Gislaveds MK,Motion 50-59,185.93333333333337,340
1523.0,213.0,202.0,199.0,93.0,187.0,222.0,Oscar Ekdahl,FMCK Borås,Motion 40-49,186.00000000000003,341
1306.0,199.2,210.2,248.6,92.0,177.6,190.8,Magnus Ahlström,Värmdö MK,Motion 40-49,186.4,342
314.0,197.8,215.0,191.2,178.0,179.0,158.4,Fabian Aleryd,Kullings MS,Motion 50-59,186.5666666666667,343
576.0,152.0,219.0,198.4,295.0,135.4,122.0,Mårten Gustavsson,Försvarsmaktens EK,Motion 40-49,186.9666666666667,344
911.0,146.0,189.0,160.8,325.0,195.0,106.0,Daniel Johansson,Karlskoga EK,Motion 30-39,186.96666666666673,345
302.0,230.2,216.4,191.2,148.0,179.0,158.4,Niklas Utterberg,Norrahammars MK,Motion 40-49,187.20000000000002,346
539.0,163.4,212.4,175.6,320.0,146.8,106.0,Roger Jakobsson,Kullings MS,Motion 60-,187.36666666666673,347
580.0,232.6,194.0,169.0,258.0,167.0,104.0,Adam Fast,SMK Vingåker,Senior,187.43333333333337,348
973.0,191.0,256.0,228.0,108.6,218.2,123.0,Douglas Sjöblom,SMK Värnamo,Ungdom E0,187.4666666666667,349
306.0,230.2,216.4,191.2,150.0,179.0,158.4,Nils Kron,Falköpings MK,Ungdom E0,187.53333333333336,350
312.0,230.2,216.4,191.2,152.0,179.0,158.4,Henrik Hermansson,SMK Vadstena,Motion 40-49,187.86666666666667,351
541.0,173.0,218.6,216.8,186.0,187.6,146.6,Michael Larsson,SMK Värnamo,Motion 50-59,188.10000000000005,352
308.0,230.2,216.4,191.2,154.0,179.0,158.4,Fredrik Persson,Ydre MK,Motion 50-59,188.20000000000002,353
566.0,182.8,180.0,192.0,222.4,193.0,160.2,Asbjørn Sletholt,"Utenlansk klubb, Flittig",Motion 60-,188.40000000000003,354
574.0,182.8,195.0,230.0,232.2,133.0,159.0,Ludvig Nykvist,Solshesters MCK,Junior,188.66666666666669,355
331.0,248.0,215.0,193.4,180.0,170.2,128.6,Andreas Nordström,Eds-Skottbacka MX Förening,Motion 30-39,189.20000000000002,356
1522.0,199.2,164.0,232.4,111.8,229.6,200.6,David Reker Andersson,Falköpings MK,Motion -39,189.60000000000002,357
94.0,230.0,238.6,215.0,80.0,190.0,184.0,Isac Svensson,Vissefjärda EK,Motion -39,189.60000000000005,358
20.0,239.0,191.0,197.0,109.6,176.0,226.0,Nisse Bengtsson,Tidaholms MK,Senior,189.76666666666668,359
1204.0,205.0,227.0,217.0,108.2,159.0,223.0,Karim Chanane,FMCK Skövde,Motion 16-29,189.8666666666667,360
316.0,230.2,215.0,191.2,139.0,206.8,158.4,Sam Hämäläinen,Tibro MK,Bredd,190.1,361
1307.0,206.6,185.6,237.2,88.2,195.4,228.0,Johan Törnqvist,FMCK Skövde,Motion 40-49,190.1666666666667,362
333.0,265.2,215.0,193.4,169.0,170.2,128.6,Conny Ståhl,Hjo MK,Motion 50-59,190.23333333333335,363
339.0,198.6,246.0,179.0,219.6,182.8,115.8,Sven Öberg,Kullings MS,Motion 50-59,190.3,364
901.0,169.0,162.0,172.0,325.0,178.0,138.0,Jimmi Jakobsson,MK Team Treske,Motion -39,190.6666666666667,365
286.0,197.0,210.0,176.6,140.2,181.4,240.0,Christoffer Bergström,Försvarsmaktens EK,Motion 40-49,190.8666666666667,366
1288.0,208.0,148.2,379.0,79.8,123.0,207.2,Berth-Åke Åhman,FMCK Borås,Motion 60-,190.8666666666667,367
636.0,175.8,205.6,203.4,219.0,210.0,131.6,Magnus Björkman,SMK Kolmården,Motion 50-59,190.90000000000003,368
947.0,202.0,219.0,220.0,148.8,211.2,148.0,Henrik Stråhle,Ma Lerum,Motion -39,191.50000000000003,369
529.0,165.0,213.2,184.0,277.0,168.4,142.4,David Hörberg,Försvarsmaktens EK,Motion -39,191.6666666666667,370
1235.0,295.0,163.0,225.0,89.2,186.0,192.4,Peter Turesson,SMK Eksjö,Motion 50-59,191.76666666666668,371
584.0,204.8,165.0,191.0,268.0,148.0,174.0,Andreas Sandberg,FMCK Borås,Motion 40-49,191.80000000000004,372
511.0,159.0,188.6,196.8,210.0,229.8,169.2,Maximillian Fridérus,Ulricehamns MK,Ungdom E1,192.23333333333338,373
6050.0,237.2,225.6,179.8,189.0,142.6,179.6,Andreas Toresson,Lilla Edets MCK,Bredd,192.30000000000004,374
1457.0,238.0,200.0,207.0,103.0,179.0,227.0,Bengt Arvidsson,FMCK Borås,Motion 60-,192.33333333333334,375
695.0,162.0,178.0,200.0,295.2,142.0,177.0,Man - Henrik Madsen,Huskvarna MK,Motion -39,192.3666666666667,376
6711.0,237.2,225.6,179.8,190.0,142.6,179.6,Håkan Lykkeberg,BMK Uddevalla,Motion 40-49,192.4666666666667,377
554.0,206.2,247.8,150.0,237.4,183.4,130.2,Henrik Klövmark,Ma Lerum,Motion 40-49,192.50000000000003,378
219.0,173.0,268.0,236.0,122.0,213.2,143.4,Anton Bernhardsson,Kortedala MK,Motion 40-49,192.60000000000002,379
935.0,217.0,154.0,178.0,278.0,172.0,157.4,Olle Rodéhn,Storfors MK,Motion 40-49,192.73333333333338,380
580.0,143.0,201.0,253.8,258.0,163.0,139.2,Gustav Mähler,Solshesters MCK,Senior,193.00000000000006,381
903.0,147.0,206.0,152.0,325.0,154.0,174.2,Mikael Wiberg,Hallsbergs MK,Bredd,193.03333333333333,382
629.0,172.0,216.2,175.8,248.0,214.8,131.6,Olof Öberg,Kullings MS,Motion 40-49,193.0666666666667,383
957.0,193.6,192.0,176.0,279.6,191.0,128.2,Robert Lind,Tranås MS,Motion -39,193.40000000000003,384
4012.0,237.2,225.6,179.8,197.0,142.6,179.6,Isac Friman,Tidaholms MK,Junior,193.63333333333335,385
414.0,211.2,190.0,185.0,218.0,209.4,149.8,Stefan Johansson,FMCK Skövde,Motion 50-59,193.9,386
553.0,204.8,199.0,198.2,237.4,184.0,140.2,Antti Mankinen,Oslo MSK,Motion 40-49,193.93333333333337,387
269.0,244.0,257.6,252.0,110.0,178.2,122.0,Arvid Karlsson,FMCK Skövde,Junior,193.9666666666667,388
514.0,155.0,228.0,181.8,301.0,164.0,134.8,Dennis Hörberg,Norrahammars MK,Motion -39,194.10000000000005,389
1216.0,296.0,208.4,223.0,78.0,170.2,190.0,Max Wennerlund,Tranås MS,Motion 16-29,194.2666666666667,390
941.0,199.0,239.6,170.0,235.0,182.0,142.0,Lars Nilsson,BMK Uddevalla,Motion 50-59,194.60000000000002,391
933.0,211.8,155.0,168.0,325.0,151.4,157.4,Mattias Jonsson,Vimmerby MS,Bredd,194.7666666666667,392
21.0,300.0,158.2,251.4,123.6,223.6,113.2,Morgan Pettersson,Christinehamns MK,Bredd,195.00000000000003,393
650.0,131.0,232.4,187.0,281.0,184.8,154.8,David Thorn,Götene MK,Motion 40-49,195.1666666666667,394
510.0,221.0,179.0,247.0,235.2,138.0,152.4,Christian Rislakki,Helsingborgs MCK,Motion 50-59,195.43333333333334,395
26.0,251.0,189.6,245.2,188.0,151.4,147.4,Sören Fransson,Kinds MK,Motion 50-59,195.43333333333337,396
649.0,186.6,248.2,181.4,208.0,189.8,159.0,Jens Selling,Mockfjärd MK,Motion 30-39,195.50000000000003,397
23.0,275.0,203.6,280.0,128.0,173.2,113.2,Ulf Johannesson,FMCK Borås,Motion 50-59,195.50000000000003,398
1504.0,227.0,213.2,213.0,109.0,181.0,232.2,Peter Berggren,BMK Uddevalla,Motion 40-49,195.90000000000003,399
1285.0,219.0,263.0,241.4,99.0,158.0,195.0,Henrik Camitz,Grängesbergs MS,Motion 40-49,195.90000000000006,400
985.0,194.4,299.2,233.0,113.0,231.0,106.0,Niclas Sjökvist,FMCK Borås,Motion 40-49,196.10000000000005,401
25.0,248.0,189.6,245.2,124.0,210.8,160.2,Jimmy Öhlin,MK Ran,Motion 50-59,196.3,402
943.0,192.0,232.0,259.0,107.8,221.0,169.0,Lars Arvidsson,Kullings MS,Motion 50-59,196.80000000000004,403
633.0,175.8,205.6,175.8,282.0,210.0,131.6,Jonathon Edwards,BMK Uddevalla,Motion -39,196.80000000000004,404
581.0,198.6,261.2,213.6,258.0,163.0,87.0,David Gustafsson,Försvarsmaktens EK,Motion -39,196.9,405
1023.0,173.4,253.2,287.8,113.0,235.0,120.2,Martin Bonander,Stenungsunds MS,Motion 40-49,197.10000000000002,406
591.0,173.0,186.0,203.0,273.8,184.4,167.0,Marcus Näs,SMK Dala Falun,Motion 40-49,197.86666666666673,407
560.0,180.6,184.0,244.0,236.6,185.0,159.8,Melvin Nordgren,Örebro EK,Motion -39,198.3333333333334,408
918.0,175.6,202.2,160.0,325.0,218.4,109.0,Rasmus Andersson,Götene MK,Senior,198.36666666666673,409
640.0,175.8,205.6,197.4,270.0,211.6,131.6,Jimmy Josefsson,Skene MS,Motion -39,198.6666666666667,410
176.0,87.8,167.8,212.0,79.0,345.0,301.0,Magnus Enander,Ulricehamns MK,Motion 40-49,198.76666666666674,411
80.0,197.2,387.0,191.4,69.4,150.6,197.4,Mattias Cöster,SMK Östgöta,Junior,198.83333333333334,412
1279.0,184.0,245.2,250.4,108.0,215.6,190.0,Ove Johansson,Åsätra MK,Motion 50-59,198.8666666666667,413
1317.0,272.6,199.8,223.4,106.0,183.2,208.4,Tobias Hagelin,FMCK Borås,Motion -39,198.9,414
103.0,144.0,334.0,159.2,86.4,292.0,180.0,Jonatan Svantesson,Kullings MS,Motion -39,199.26666666666668,415
527.0,185.2,213.2,184.0,296.0,175.8,142.4,Gustav Midler,SMK Eksjö,Ungdom E0,199.4333333333334,416
908.0,126.0,183.0,214.0,325.0,206.0,143.0,Mathias Sjölander,Karlskoga EK,Bredd,199.50000000000006,417
631.0,215.0,231.0,179.0,268.0,170.0,135.0,Henrik Lindström,FMCK Borås,Motion 40-49,199.66666666666669,418
1342.0,259.8,213.2,199.2,171.0,185.0,170.2,Arvid Bursell,SMK Värnamo,Ungdom E0,199.73333333333335,419
1304.0,226.0,226.0,252.4,98.0,208.0,189.0,Jacob Emilsson,Kristdala Motorsällskap,Motion -39,199.9,420
194.0,229.0,181.0,302.0,102.4,221.2,166.6,Sam Hämäläinen,Tibro MK,Motion 40-49,200.3666666666667,421
639.0,175.8,205.6,197.4,281.0,211.6,131.6,Christian Kurist,Falköpings MK,Motion -39,200.50000000000006,422
6110.0,237.2,225.6,179.8,240.0,142.6,179.6,Mats Israelsson,MK Nitro,Motion 30-39,200.80000000000004,423
1208.0,223.0,244.0,204.0,97.0,207.0,230.0,Joakim Fri,Älvbygdens MK,Motion 50-59,200.83333333333337,424
31.0,203.6,348.0,260.0,123.6,111.4,159.0,Alf Thomas Johansson,Götene MK,Motion 50-59,200.93333333333334,425
628.0,172.0,216.2,175.8,297.0,214.8,131.6,Ville Hjelm,Finspångs MS,Ungdom E0,201.23333333333338,426
1331.0,310.0,198.2,208.2,117.4,176.0,199.6,Egon Pettersson Blomström,Karlskoga EK,Ungdom E0,201.5666666666667,427
6841.0,237.2,225.6,179.8,245.0,142.6,179.6,Sigrid Gunnarsson,Ma Lerum,Ungdom E0,201.63333333333335,428
909.0,195.0,276.8,76.0,325.0,145.4,192.6,Sebastian Adielsson,MK Pionjär,Bredd,201.80000000000004,429
472.0,175.6,196.0,239.0,206.2,188.0,207.0,Lars Jansson,Karlskoga EK,Motion 50-59,201.96666666666673,430
1388.0,234.0,236.6,206.0,100.2,202.4,235.8,Björn Sandstedt,Tibro MK,Motion 50-59,202.50000000000003,431
981.0,195.0,277.0,227.0,107.8,256.0,152.2,Alex Åhlén,FMCK Strängnäs,Ungdom E0,202.50000000000003,432
5711.0,237.2,225.6,179.8,251.0,142.6,179.6,William Sköld,Falköpings MK,Ungdom E0,202.63333333333335,433
410.0,210.2,274.0,261.0,105.0,237.0,129.0,Fredrik Hassesjö,Ulricehamns MK,Motion 40-49,202.70000000000002,434
1611.0,258.0,218.0,189.0,133.0,177.0,241.4,Marcus Hjelm,Falköpings MK,Motion -39,202.73333333333335,435
510.0,201.2,188.6,258.0,184.0,218.2,169.2,Viktor Isaksson,Kils MK,Ungdom E1,203.20000000000005,436
637.0,175.8,205.6,203.4,294.0,210.0,131.6,Roger Nyström,FMCK Borås,Motion 50-59,203.40000000000003,437
568.0,160.2,224.4,287.8,213.0,210.6,125.6,Johanna Blom,Botkyrka MK,Motion Dam,203.60000000000002,438
572.0,193.4,252.0,228.4,230.4,202.0,117.0,Joel Kvist,Försvarsmaktens EK,Motion -39,203.8666666666667,439
532.0,204.6,253.6,183.8,209.0,237.0,137.0,Rasmus Engelmann,Botkyrka MK,Motion 30-39,204.1666666666667,440
1449.0,238.4,198.0,244.0,94.0,203.0,251.0,Terje Berge,Flittig Enduro,Motion 50-59,204.73333333333335,441
6753.0,237.2,225.6,179.8,264.0,142.6,179.6,Erik Elowson,FMCK Skövde,Motion -39,204.80000000000004,442
40.0,305.0,233.0,265.0,114.0,144.0,171.6,Alexander Andersson,Tranemo MK,Junior,205.43333333333337,443
6111.0,237.2,225.6,179.8,268.0,142.6,179.6,Mathias Svensson,Skene MS,Motion 50-59,205.4666666666667,444
613.0,186.0,233.8,154.0,260.2,240.8,158.6,Anton Isaksson,Götene MK,Motion -39,205.5666666666667,445
1005.0,200.4,290.0,254.0,119.2,230.6,140.2,Christer Johansson,Varbergs MK,Motion 50-59,205.73333333333335,446
804.0,153.6,216.0,192.0,324.0,218.8,131.6,Grim Fallenius,Götene MK,Motion -39,206.00000000000003,447
6092.0,237.2,225.6,179.8,272.0,142.6,179.6,Fredrik Bellqvist,Örbyhus MCK,Motion 16-29,206.13333333333335,448
1446.0,259.0,217.0,268.2,91.0,183.6,218.6,Hampus Andersson,Tibro MK,Ungdom E0,206.23333333333332,449
972.0,219.4,320.0,265.4,112.4,226.0,95.0,Markus Stjernström,Vimmerby MS,Motion -39,206.36666666666673,450
566.0,165.0,251.4,282.0,222.4,200.2,117.6,Marwin Wik,Skene MS,Ungdom E1,206.43333333333337,451
441.0,249.0,204.0,289.0,197.2,220.0,80.0,Rasmus Hansson,Skene MS,Motion -39,206.53333333333336,452
516.0,220.0,190.6,246.0,221.2,191.0,172.0,Christian Johansson,Tidaholms MK,Motion 40-49,206.80000000000004,453
556.0,189.0,267.0,78.0,241.8,267.0,199.0,Fredrik Sjöstedt,Norrahammars MK,Motion 50-59,206.9666666666667,454
1409.0,206.2,232.2,215.8,105.0,218.4,266.0,Linus Knutsson,Falköpings MK,Junior,207.2666666666667,455
501.0,159.0,214.0,213.6,226.4,275.0,157.0,Gustav Strinne,Edsvära MCK,Motion -39,207.50000000000006,456
799.0,176.0,201.0,201.2,325.0,217.0,125.0,Peter Blomdahl,Ulricehamns MK,Motion 50-59,207.53333333333336,457
6226.0,237.2,225.6,179.8,283.0,142.6,179.6,Jonas Lyttbacka,Örebro EK,Motion 40-49,207.9666666666667,458
573.0,189.8,205.0,254.8,226.4,196.0,176.4,Louise Svensson,Götene MK,Motion Dam,208.06666666666672,459
809.0,179.4,216.0,192.0,312.0,218.8,131.6,Robert Oskarsson,Hallsbergs MK,Motion 50-59,208.30000000000004,460
27.0,324.0,198.0,276.0,138.0,197.8,116.6,Johan Karlsson,Älvbygdens MK,Motion 40-49,208.4,461
1233.0,237.0,281.0,208.0,112.0,213.0,200.0,Lisa Skagerberg,MCK Hallandia,Motion Dam,208.5,462
6178.0,237.2,225.6,179.8,287.0,142.6,179.6,Richard Kling,Kortedala MK,Motion 50-59,208.63333333333335,463
1019.0,250.0,164.4,315.0,111.2,242.6,169.6,Marie Gustafsson,Ulricehamns MK,Motion Dam,208.80000000000004,464
1254.0,203.0,242.0,224.0,121.0,222.0,241.0,Ola Korsell,Götene MK,Motion 40-49,208.83333333333334,465
657.0,167.8,261.6,201.0,256.0,194.4,173.6,Hans-Petter Eikedalen,Flittig Motocross & ATV,Motion -39,209.06666666666672,466
6033.0,237.2,225.6,179.8,290.0,142.6,179.6,Fredrik Genander,Nyköpings MS,Motion 30-39,209.13333333333335,467
1505.0,259.0,260.6,234.2,144.6,151.0,206.0,Arvid Hellqvist,Töreboda MK,Junior,209.23333333333335,468
641.0,186.6,205.6,197.4,323.0,211.6,131.6,Henrik Madsen,Huskvarna MK,Motion -39,209.30000000000004,469
1303.0,220.4,211.6,260.0,111.4,271.0,182.6,Robin Stjernström,Vimmerby MS,Junior,209.50000000000003,470
1013.0,202.0,253.2,265.0,113.0,258.0,167.8,Tomas Sjöquist,Försvarsmaktens EK,Motion 50-59,209.83333333333334,471
585.0,193.8,247.0,269.0,268.0,160.6,120.8,Samuel Öberg,Kullings MS,Ungdom E0,209.8666666666667,472
1001.0,226.0,314.8,257.0,111.2,159.8,192.6,Ronnie Nilsson,Töreboda MK,Motion -39,210.23333333333335,473
508.0,196.6,188.6,258.0,231.0,218.2,169.8,Edwin Djurstedt,Djursdala SK,Ungdom E1,210.3666666666667,474
811.0,179.4,216.0,192.0,327.0,218.8,131.6,Joakim Ericsson,Töreboda MK,Motion 40-49,210.80000000000004,475
1414.0,206.2,232.2,215.8,105.0,212.4,294.0,Jimmy Kaukinen,Wäxjö MS,Motion 50-59,210.9333333333334,476
813.0,179.4,216.0,192.0,328.0,218.8,131.6,Hannu Ylipekkala,Anderstorp RC,Motion 40-49,210.9666666666667,477
658.0,167.8,261.6,201.0,269.0,194.4,173.6,Asbjørn Sletholt,"Utenlandsk klubb, Flittig",Motion 60-,211.23333333333338,478
962.0,232.0,213.8,230.2,325.0,178.6,89.0,Andreas Axelsson,Tibro MK,Bredd,211.43333333333337,479
6273.0,237.2,225.6,179.8,304.0,142.6,179.6,Liam Nilsson,Tidaholms MK,Ungdom E0,211.4666666666667,480
812.0,179.4,216.0,192.0,334.0,218.8,131.6,Alfred Gustavsson,Mariestads EK,Ungdom E1,211.9666666666667,481
623.0,172.0,248.8,217.2,279.0,214.8,140.0,Viggo Johansson,SMK Eksjö,Junior,211.96666666666673,482
647.0,186.6,248.2,181.4,307.0,189.8,159.0,Jan Backelin,MK Pionjär,Motion 60-,212.00000000000003,483
6004.0,237.2,225.6,179.8,309.0,142.6,179.6,Magnus Kallander,Linköpings MS,Motion 50-59,212.30000000000004,484
500.0,154.0,220.0,264.0,226.4,239.0,171.0,Krister Andersson,Mariestads EK,Motion 50-59,212.40000000000006,485
557.0,233.2,275.0,211.0,241.8,183.4,130.2,Anders Löf,Hallsbergs MK,Motion 50-59,212.43333333333337,486
929.0,98.0,291.0,216.0,325.0,198.6,148.2,Joel Granath,SMK Gävle,Motion 30-39,212.80000000000004,487
555.0,200.0,275.0,218.0,243.2,198.2,143.6,Mille Söderblom,Hallsbergs MK,Ungdom E1,213.0,488
51.0,201.8,267.2,281.6,97.8,167.0,264.0,Johan Hedström,Kinds MK,Motion -39,213.2333333333334,489
6001.0,237.2,225.6,179.8,319.0,142.6,179.6,Henrik Karlsson,Stenungsunds MS,Motion 50-59,213.9666666666667,490
939.0,178.0,271.8,167.0,325.0,194.0,149.6,Johan Iwarson,Götene MK,Motion 50-59,214.23333333333335,491
778.0,186.6,216.0,192.0,274.0,218.8,198.2,Erik Hedstad,Göta MS,Motion 40-49,214.26666666666668,492
567.0,195.8,224.4,287.8,225.0,210.6,142.4,Anders Edin,Falköpings MK,Motion 50-59,214.33333333333337,493
622.0,172.0,248.8,201.8,311.0,214.8,140.0,Edvin Hagman,Falköpings MK,Junior,214.73333333333338,494
656.0,167.8,261.6,201.0,291.0,194.4,173.6,Thomas Malmqvist,Folkare MK,Motion 60+,214.90000000000003,495
655.0,186.6,261.6,201.0,273.0,194.4,173.6,Olle Söderberg,Falköpings MK,Ungdom E0,215.03333333333336,496
582.0,178.4,299.0,257.4,258.0,160.6,136.8,Roger Einerskog,Alingsås MCK,Bredd,215.03333333333336,497
535.0,224.0,210.0,192.6,221.6,257.0,185.4,Stefan Pettersen,Falköpings MK,Motion 60-,215.10000000000002,498
562.0,208.0,211.0,273.0,237.0,194.0,168.0,Jesper Börjesson,Tibro MK,Senior,215.1666666666667,499
4717.0,237.2,225.6,202.8,305.0,142.6,179.6,Mats Alfredsson,Bengtsfors MCC,Bredd,215.4666666666667,500
1278.0,293.0,259.0,251.8,111.0,178.6,199.4,Hampus Högström,Norrahammars MK,Senior,215.4666666666667,501
6068.0,237.2,225.6,179.8,329.0,142.6,179.6,Jimmy Kaukinen,Wäxjö MS,Motion 50-59,215.63333333333338,502
56.0,204.2,212.0,291.0,123.0,240.0,224.6,Kent Aasheim,Emsk,Motion 40-49,215.80000000000004,503
27.0,256.6,169.6,264.0,120.8,227.0,257.0,Lennart Bengtsson,SMK Hedemora,Motion 60-,215.83333333333334,504
8.0,176.6,169.4,350.0,145.0,164.4,291.0,Mats Algotson,Värmullsåsens Mountainbike & EK,Motion 60+,216.06666666666672,505
632.0,219.4,236.0,231.0,268.0,192.0,151.0,Jesper Thorsson,Kungsbacka MA,Bredd,216.23333333333338,506
659.0,167.8,261.6,201.0,300.0,194.4,173.6,Johan Andersson,SMK Östgöta,Motion -39,216.40000000000003,507
549.0,312.0,221.0,219.4,237.4,157.0,153.2,Mikael Sengoltz,Wäxjö MS,Motion 40-49,216.66666666666666,508
1298.0,215.0,232.8,255.8,106.8,297.0,193.2,Magnus Forsling,FMCK Strängnäs,Motion 50-59,216.7666666666667,509
563.0,195.8,241.0,265.8,221.0,218.0,159.8,Johan Siggesson,Tibro MK,Motion 50-59,216.90000000000006,510
570.0,182.8,232.8,354.0,214.4,194.8,123.2,Marcus Olsson,Kullings MS,Bredd,217.00000000000003,511
528.0,177.0,250.0,219.0,244.6,252.2,159.4,Lennart Bodin,FMCK Borås,Motion 50-59,217.0333333333334,512
566.0,195.8,251.4,287.8,215.0,210.6,142.4,Per Kristian Svensrud,Jevnaker MK,Junior,217.1666666666667,513
1213.0,218.4,272.0,258.0,116.0,211.0,228.0,Mikael Sahlin,Lidköpings MCK,Motion 40-49,217.23333333333338,514
509.0,196.6,188.6,258.0,276.0,218.2,166.4,Johan Thorn,Götene MK,Motion 50-59,217.30000000000004,515
1501.0,256.8,230.0,250.4,114.2,216.0,237.4,Johan Arne Wärnelöv,Tranås MS,Motion -39,217.4666666666667,516
593.0,193.8,213.0,194.6,269.8,243.0,192.4,Philip Johansson,Skene MS,Bredd,217.7666666666667,517
663.0,216.8,273.8,201.0,244.0,194.4,179.8,Mats Karlsson,Kungsbacka MA,Motion 60-,218.30000000000004,518
1223.0,257.0,241.0,221.0,118.0,219.0,254.0,Richard Karlsson,Götene MK,Motion 50-59,218.33333333333334,519
644.0,186.6,248.2,181.4,326.0,211.6,159.0,William Larsson,FMCK Skövde,Ungdom E0,218.80000000000004,520
1508.0,248.0,262.0,241.0,117.0,211.0,236.0,Ulf Åström,Wäxjö MS,Bredd,219.16666666666669,521
125.0,297.0,318.0,242.0,73.8,223.0,165.0,Daniel Jönsson,Vimmerby MS,Motion 40-49,219.80000000000004,522
569.0,197.0,260.0,202.2,215.2,254.0,190.4,Per-Olov Ask,Lilla Edets MCK,Motion 50-59,219.80000000000004,523
181.0,150.4,328.0,318.0,106.2,213.6,203.0,Lina Petersson,Solshesters MCK,Motion Dam,219.8666666666667,524
6006.0,237.2,225.6,202.8,332.0,142.6,179.6,Andreas Mörk,Laxå MK,Motion -39,219.9666666666667,525
928.0,191.4,222.0,250.0,325.0,198.0,134.0,Wilmer Kihlgren,Hjo MK,Ungdom E0,220.06666666666672,526
563.0,165.4,395.0,235.2,237.0,167.2,124.8,Peter Björnqvist,FMCK Borås,Motion 50-59,220.7666666666667,527
542.0,145.0,304.0,221.2,278.4,217.2,161.0,Mikael Bengtsson,Falköpings MK,Motion 40-49,221.13333333333338,528
52.0,198.4,225.0,284.0,133.6,189.0,297.0,Jonas Johansson,FMCK Borås,Motion 50-59,221.1666666666667,529
667.0,216.8,273.8,234.2,229.0,194.4,179.8,Daniel Hellstadius,Kullings MS,Motion -39,221.33333333333334,530
664.0,216.8,273.8,201.0,265.0,194.4,179.8,Ida Dienus,Norrahammars MK,Motion Dam,221.80000000000004,531
565.0,195.8,251.4,287.8,238.0,198.6,159.8,Jan Wester,FMCK Skövde,Motion 50-59,221.90000000000006,532
617.0,211.6,265.8,218.0,260.0,214.8,162.6,Stefan Svensson,SMK Värnamo,Motion 60-,222.13333333333338,533
567.0,172.4,302.0,221.8,222.4,234.0,182.2,Pontus Skoog,Karlskoga EK,Senior,222.4666666666667,534
589.0,204.8,208.0,255.4,269.6,249.0,149.0,Anders Engström,Stenungsunds MS,Motion 50-59,222.63333333333335,535
1020.0,240.6,271.0,306.0,119.2,262.0,140.8,Andreas Remfäldt,Mariestads EK,Motion 40-49,223.2666666666667,536
559.0,190.0,285.0,256.8,246.2,214.6,147.0,Mikael Blom,Tibro MK,Motion 50-59,223.2666666666667,537
47.0,299.0,230.4,263.2,141.0,195.4,211.8,Jonas Laigar,Tranemo MK,Motion 50-59,223.46666666666667,538
361.0,287.0,217.6,230.0,220.0,213.6,172.8,Linnéa Jensmark,Solshesters MCK,Motion Dam,223.5,539
1270.0,281.0,234.0,251.0,124.4,203.8,247.0,Johan Thorn,Beskaskinn MC,Motion 50-59,223.53333333333336,540
58.0,185.8,400.0,247.0,97.4,201.8,212.0,Hugo Svensson,Vimmerby MS,Junior,224.00000000000006,541
811.0,161.0,258.8,235.0,325.0,232.8,133.0,Charlie Turesson,FMCK Hässleholm,Motion 40-49,224.26666666666674,542
963.0,233.0,234.4,199.8,325.0,210.6,143.0,Petri Mehtonen,FMCK Skövde,Motion 50-59,224.30000000000004,543
1512.0,256.8,238.0,266.4,126.0,227.4,237.4,Melvin Blom,Bodafors MK,Junior,225.33333333333337,544
135.0,184.8,225.6,330.0,143.0,284.4,185.2,Benjamin Bengtsson,Falköpings MK,Ungdom E0,225.50000000000006,545
676.0,216.8,274.0,236.8,217.0,201.4,207.6,Anton Persson,Tibro MK,Motion -39,225.60000000000005,546
234.0,268.0,339.0,214.4,99.6,244.4,191.0,Johan Andersson,Göta MS,Motion 50-59,226.0666666666667,547
546.0,240.0,248.8,237.8,257.0,221.0,157.2,Lucas Robinsson,Falköpings MK,Bredd,226.96666666666673,548
558.0,219.0,252.0,229.6,241.8,216.0,204.0,Anders Eriksson,Tibro MK,Senior,227.0666666666667,549
351.0,287.0,250.8,220.4,218.0,213.6,172.8,Fredrik Langvall,Skene MS,Motion 50-59,227.10000000000002,550
504.0,198.0,263.4,252.2,242.4,250.0,158.0,Martin Börjesson,FMCK Borås,Motion 40-49,227.33333333333337,551
540.0,217.2,223.0,243.0,250.2,245.0,185.8,Victor Johansson,Norrahammars MK,Motion 40-49,227.3666666666667,552
1500.0,255.0,269.0,285.0,102.0,229.0,225.0,Asbjørn Sletholt,Flittig motocross & ATV,Motion 60+,227.50000000000003,553
1548.0,256.4,239.0,266.6,122.8,243.4,237.4,Emelie Sandström,Bengtsfors MCC,Dam,227.60000000000002,554
988.0,222.0,324.0,328.0,118.4,247.0,126.2,Olle Gustafsson,Team Värmland MK,Junior,227.60000000000002,555
1346.0,294.0,265.0,241.6,103.0,218.0,245.0,Marcus Ljung,SMK Trollhättan,Motion 50-59,227.76666666666668,556
1512.0,241.2,246.4,260.0,128.0,256.2,236.2,Christoffer Mars,Sotenäs MCC,Senior,228.00000000000003,557
1512.0,278.4,250.6,245.0,135.6,213.8,246.0,Leo Klasson,Tibro MK,Ungdom E0,228.23333333333335,558
673.0,216.8,274.0,236.8,253.0,183.4,207.6,Andreas Loponen,SMK Motala MC-Klubb,Motion 30-39,228.60000000000005,559
545.0,245.0,266.0,209.0,264.2,227.4,160.6,Oliver Wennerholm,FMCK Borås,Motion -39,228.70000000000002,560
584.0,182.4,251.4,254.8,314.0,200.4,170.0,Terje Berge,Flittig,Motion 50-59,228.8333333333334,561
541.0,193.0,270.0,234.0,276.2,237.0,163.0,André Högberg,Falköpings MK,Junior,228.8666666666667,562
565.0,207.2,235.0,269.0,237.0,206.4,219.0,Peter Damgren,FMCK Skövde,Motion 50-59,228.93333333333337,563
587.0,213.4,239.4,269.0,268.0,205.0,180.0,Kristian Broström,Botkyrka MK,Motion 30-39,229.13333333333335,564
1259.0,280.0,237.0,253.0,125.0,229.0,253.0,Simon Holmbäck,Hjo MK,Motion -39,229.50000000000003,565
1274.0,232.6,247.6,324.0,120.4,216.6,236.6,Linnéa Åkesson,FMCK Skövde,Dam,229.63333333333335,566
678.0,216.8,283.6,236.8,233.0,201.4,207.6,Johan Sigby,Norrahammars MK,Bredd,229.8666666666667,567
24.0,318.0,273.0,312.0,138.0,273.0,66.0,Andreas Jankowiak,Stenungsunds MS,Motion -39,230.0,568
599.0,245.4,294.6,246.2,261.0,235.0,98.0,Gustav Malm,Hallsbergs MK,Motion -39,230.03333333333336,569
786.0,204.4,284.0,226.0,314.2,212.0,140.0,Philip Landh,SMK Trollhättan,Bredd,230.10000000000005,570
610.0,211.6,295.4,226.8,207.0,262.0,178.6,Hampus Söderblom,Hedesunda CK,Motion 30-39,230.23333333333335,571
1268.0,229.0,243.6,303.0,120.4,232.0,255.0,Tomas Karlsson,Skene MS,Motion 50-59,230.50000000000006,572
680.0,216.8,283.6,236.8,232.0,201.4,212.8,Hans Svärd,Alingsås MCK,Motion 50-59,230.5666666666667,573
1275.0,263.0,281.6,300.0,107.0,201.4,231.0,Pontus Holm,Vimmerby MS,Motion 16-29,230.6666666666667,574
665.0,216.8,273.8,234.2,285.0,194.4,179.8,Bo Karlsson,Lilla Edets MCK,Motion 60-,230.6666666666667,575
614.0,211.6,265.8,226.8,266.0,262.0,152.0,Joakim Liljeblad,SMK Motala MC-Klubb,Motion 50-59,230.70000000000005,576
525.0,246.0,196.6,271.4,248.6,249.0,176.2,Hilda Sjöberg,Tibro MK,Dam,231.3,577
1376.0,290.6,255.0,243.4,119.0,238.0,246.0,Fredrik Gren,FMCK Borås,Motion 50-59,232.00000000000006,578
683.0,233.6,283.6,241.4,204.0,217.0,212.8,Håkan Gustafsson,Alingsås MCK,Motion 50-59,232.0666666666667,579
753.0,186.6,240.4,199.4,302.0,239.0,227.2,Per Johansson,SMK Södermanland,Motion 30-39,232.43333333333337,580
172.0,291.0,322.0,277.0,129.0,196.4,181.0,Anton Nordh,FMCK Skövde,Senior,232.73333333333338,581
619.0,211.6,265.8,218.0,325.0,214.8,162.6,Melker Jansson,Karlskoga EK,Motion -39,232.96666666666673,582
588.0,214.0,237.0,259.8,269.6,250.2,169.4,Måns Dalén,FMCK Skövde,Motion -39,233.33333333333334,583
679.0,216.8,283.6,236.8,254.0,201.4,207.6,Kalle Ahlin,Falköpings MK,Junior,233.3666666666667,584
12.0,292.0,248.0,300.0,101.0,183.8,276.0,Man - Alfred Ivarsson,Älvbygdens MK,Motion -39,233.4666666666667,585
823.0,165.2,254.6,244.4,325.0,227.2,185.0,Andreas Holmstrand,FMCK Borås,Motion 50-59,233.56666666666672,586
1512.0,264.6,281.6,257.0,134.4,228.0,236.8,Axel Plogner,Karlstad MX Klubb,Ungdom E1,233.73333333333338,587
452.0,187.0,289.4,325.0,183.6,253.6,164.4,Alvis Petersson,Norrahammars MK,Ungdom E0,233.83333333333337,588
507.0,189.8,233.8,306.6,275.0,228.2,169.8,Kenneth Zimmerblad,Skene MS,Motion 50-59,233.86666666666673,589
1220.0,277.0,264.0,254.0,123.0,246.0,243.0,Staffan Oldenburg,FMCK Skövde,Motion 60-,234.50000000000003,590
750.0,186.8,240.4,199.4,316.0,239.0,227.2,Conny Rask,SMK Södermanland,Motion 50-59,234.80000000000004,591
990.0,206.0,315.0,271.0,118.4,289.0,210.0,William Berg,Solshesters MCK,Junior,234.90000000000006,592
1400.0,242.6,246.0,248.0,130.0,244.0,300.0,Max Nordmark,Varbergs MK,Junior,235.10000000000002,593
562.0,194.2,262.0,265.8,286.0,218.0,187.4,Per Hedskog,SMK Trollhättan,Motion 50-59,235.56666666666672,594
955.0,247.0,312.0,283.0,118.4,274.0,181.2,Thomas Nilsson,Falköpings MK,Motion 60-,235.9333333333334,595
1511.0,288.0,249.0,268.0,115.0,252.0,244.0,Richard Mickelsson,Tibro MK,Motion -39,236.0,596
675.0,216.8,274.0,236.8,298.0,183.4,207.6,Henric Björk,FMCK Borås,Motion 50-59,236.10000000000005,597
499.0,222.2,240.4,341.6,181.0,235.0,197.0,Simon Nyström,Skene MS,Bredd,236.20000000000005,598
1290.0,257.6,237.0,322.0,151.0,215.2,236.0,Niclas Funke,Hallsbergs MK,Motion 16-29,236.4666666666667,599
523.0,276.0,286.0,217.8,248.6,210.0,182.4,Ludwig Eriksson,MK Nitro,Motion 16-29,236.8,600
544.0,193.2,293.6,262.0,330.0,187.8,155.0,Niklas Fransson,Vimmerby MS,Motion 40-49,236.9333333333334,601
917.0,209.0,254.0,232.0,325.0,243.0,162.0,Anders Edin,Falköpings MK,Motion 50-59,237.50000000000003,602
1272.0,266.6,341.0,244.8,126.2,215.6,232.6,Magnus Kallander,Linköpings MS,Motion 50-59,237.8,603
543.0,182.0,280.0,275.0,278.4,251.4,160.0,Joacim Wigertson,Kullings MS,Motion -39,237.80000000000004,604
495.0,246.8,240.4,341.6,166.0,235.0,197.0,Thim Svensson,Vissefjärda EK,Motion -39,237.80000000000007,605
682.0,233.6,283.6,241.4,255.0,201.4,212.8,Mats Johansson,Götene MK,Motion 50-59,237.96666666666667,606
195.0,134.2,360.0,358.0,106.2,225.4,246.2,Johan Karlsson,Götene MK,Motion 50-59,238.3333333333334,607
1004.0,231.4,308.0,295.4,118.4,272.0,205.0,Tomas Eriksson,Örebro EK,Motion 40-49,238.36666666666673,608
583.0,225.0,232.6,258.4,268.0,209.6,239.0,Dennis Olesen,Kullings MS,Motion -39,238.7666666666667,609
575.0,180.8,401.0,270.0,232.2,176.4,172.8,björn sandstedt,Götene MK,Motion 50-59,238.86666666666673,610
674.0,216.8,274.0,236.8,318.0,183.4,207.6,Björn Bäckström,MK Ran,Motion 40-49,239.43333333333337,611
1617.0,277.4,279.0,266.0,137.0,236.0,245.4,Johan Axelsson,Tibro MK,Motion 50-59,240.13333333333335,612
38.0,304.0,194.4,262.0,138.0,260.0,284.0,Christoffer Johnsson,Hisingens MK,Motion 40-49,240.40000000000006,613
677.0,216.8,274.0,236.8,306.0,201.4,207.6,Alexander Hagelin,FMCK Stockholm,Motion 16-29,240.43333333333337,614
1017.0,251.2,274.2,284.8,113.0,324.0,197.6,Philip Baumgartner,Götene MK,Motion -39,240.8,615
1272.0,257.2,293.0,298.0,120.0,255.0,222.8,Roy Kolberg,Team Westom Motorcykel,Motion 40-49,241.00000000000003,616
505.0,239.0,206.0,309.6,249.0,255.6,188.8,Stefan Liljedahl,Tibro MK,Motion 40-49,241.33333333333334,617
482.0,249.2,271.6,308.4,183.0,259.6,177.6,Sören Larsson,FMCK Borås,Motion 50-59,241.56666666666672,618
16.0,224.8,397.0,245.0,127.0,336.0,120.0,Andreas Nordström,Eds-Skottbacka MX Förening,Motion -39,241.63333333333333,619
415.0,302.0,254.0,306.4,216.0,229.2,144.2,Björn-Ola Kronander,FMCK Borås,Motion 50-59,241.96666666666664,620
607.0,211.6,295.4,226.8,280.0,259.8,178.6,Claes Gustafsson,Töreboda MK,Motion 50-59,242.03333333333336,621
1312.0,289.0,355.0,317.0,110.4,180.0,201.0,Jonathan Storm,Kortedala MK,Motion -39,242.0666666666667,622
938.0,234.0,307.6,223.0,325.0,198.4,165.4,Peter Appelqvist,Kortedala MK,Motion 50-59,242.23333333333335,623
727.0,233.6,268.0,246.6,302.4,239.4,164.0,Alexander Fält,Försvarsmaktens EK,Motion -39,242.33333333333337,624
942.0,183.8,346.0,164.6,325.0,230.6,205.2,Kent Nyberg,SMK Gävle,Motion 50-59,242.53333333333336,625
1313.0,303.0,238.4,282.0,126.0,225.0,282.0,Bernard Abrahamsson,FMCK BohusDal,Motion -39,242.73333333333338,626
107.0,220.8,336.0,310.0,86.4,311.0,193.2,Joakim Nystedt,Gnesta MK,Motion 40-49,242.90000000000006,627
946.0,231.0,315.0,220.8,325.0,203.2,164.8,William Almén,SMK Värnamo,Ungdom E1,243.3,628
1600.0,274.0,292.0,274.0,113.0,261.4,245.4,Hanna Rylander Ericson,Botkyrka MK,Motion Dam,243.30000000000004,629
945.0,183.8,351.0,165.4,325.0,238.8,196.0,Kristian Morsing,Carlsborgs MK,Motion 50-59,243.3333333333334,630
609.0,211.6,295.4,226.8,288.0,259.8,178.6,Patrik Johansson,Tibro MK,Motion 30-39,243.3666666666667,631
1473.0,334.0,234.0,333.0,119.4,210.2,231.8,Mikael Almqvist,Lidköpings MCK,Motion 50-59,243.73333333333335,632
685.0,233.6,283.6,241.4,243.0,249.6,212.8,Daniel Fridérus,Ulricehamns MK,Motion 40-49,244.00000000000003,633
958.0,231.6,314.0,288.0,118.4,290.0,224.0,Christer Strand,Tibro MK,Motion -39,244.33333333333337,634
1016.0,251.2,273.4,284.8,127.8,333.0,197.6,Rikard Hansson,Tibro MK,Senior,244.63333333333335,635
702.0,233.6,265.6,253.4,262.0,252.0,201.8,Frida Östlund,Karlskoga EK,Motion Dam,244.73333333333335,636
718.0,233.6,265.6,253.4,304.6,234.8,177.0,Anton Johansson,FMCK Borås,Motion -39,244.83333333333334,637
1524.0,283.4,262.2,270.6,137.6,263.0,260.0,Per Karlsson,SMK Vadstena,Motion 40-49,246.13333333333335,638
254.0,279.0,237.6,319.0,138.0,307.0,198.0,Sven Höglander,Djursdala SK,Ungdom E1,246.43333333333337,639
480.0,249.2,271.6,308.4,214.0,259.6,177.6,Kenneth Backman,FMCK Falun,Motion 50-59,246.7333333333334,640
692.0,233.6,283.6,241.4,258.0,252.0,212.8,Bengt Ekdahl,FMCK Borås,Motion 60-,246.9,641
1515.0,267.0,278.0,263.0,135.4,291.0,247.2,Roger Jakobsson,Kullings MS,Motion 60+,246.93333333333334,642
1266.0,265.0,315.4,309.2,131.6,237.2,225.6,Peter Johansson,Woxnadalens MK,Motion 40-49,247.33333333333337,643
1660.0,278.2,282.0,270.0,139.2,261.4,253.4,Rikard Bengtsson,FMCK Borås,Motion 50-59,247.36666666666667,644
601.0,225.6,284.0,243.8,261.0,277.0,197.0,Matilda Alexandersson Fridolfsson,Götene MK,Dam,248.06666666666672,645
9.0,345.0,405.0,264.2,173.0,184.8,117.6,Felix Baldesten Kjellström,Tibro MK,Ungdom E0,248.26666666666668,646
1256.0,251.0,331.0,237.0,140.0,253.0,278.0,Johan Wolgers,FMCK Borås,Bredd,248.3333333333334,647
690.0,233.6,283.6,241.4,267.0,252.0,212.8,Ida Larsson,Hallsbergs MK,Motion Dam,248.4,648
1421.0,303.4,364.0,293.2,109.2,179.2,246.6,Magnus Fröberg,FMCK Stockholm,Motion 50-59,249.26666666666668,649
497.0,222.2,240.4,341.6,261.0,235.0,197.0,George Svantesson,Kullings MS,Motion -39,249.53333333333336,650
2.0,286.0,261.0,292.0,136.0,276.0,248.0,Axel Gustafsson,Lidköpings MCK,Motion -39,249.83333333333334,651
1273.0,320.0,243.0,286.0,131.0,270.0,249.0,Claes Hilmersson,Stenungsunds MS,Motion 50-59,249.83333333333337,652
732.0,220.8,282.2,251.8,302.4,224.0,218.4,Alexandra Rosenqvist Hoff,Skene MS,Dam,249.93333333333337,653
1252.0,214.6,311.6,337.0,146.4,231.0,259.8,Per Wikvist,Hallsbergs MK,Motion 50-59,250.06666666666672,654
934.0,185.0,303.0,240.0,325.0,265.0,182.4,Dennis Ring,FMCK Borås,Motion -39,250.06666666666672,655
404.0,310.2,328.4,274.8,193.0,253.4,144.2,Robert Ahlin,Falköpings MK,Motion 40-49,250.66666666666669,656
134.0,328.0,319.0,339.0,86.4,256.8,175.0,Emil Elmwall,Hallsbergs MK,Ungdom E1,250.70000000000005,657
667.0,261.0,287.0,283.6,255.2,232.0,188.0,Anders Eriksson,Tibro MK,Motion 50-59,251.13333333333333,658
1578.0,285.0,275.4,256.0,140.4,304.0,247.2,Viktor Andersson,Mariestads EK,Motion 16-29,251.33333333333337,659
606.0,211.6,323.2,293.8,241.0,259.8,178.6,Karl Henrik Johan Wass,Götene MK,Motion 40-49,251.33333333333337,660
920.0,210.8,258.0,274.0,325.0,241.0,200.4,Emil Palm,Björkö EK,Junior,251.53333333333336,661
395.0,306.4,293.8,263.2,278.0,233.6,135.4,Alvin Ceder,Götene MK,Junior,251.73333333333332,662
975.0,287.0,327.0,314.0,134.4,283.2,166.2,Henrik Nilsson,Mariestads EK,Motion 40-49,251.9666666666667,663
726.0,233.6,273.2,246.6,315.0,251.8,192.8,Cornelia Lindblad,SMK Södermanland,Motion Dam,252.1666666666667,664
712.0,233.6,265.6,253.4,317.0,235.4,208.2,Olle Persson,Hallsbergs MK,Ungdom E0,252.20000000000005,665
950.0,241.0,300.0,299.0,250.8,266.4,156.8,Casper Lindholm,Linköpings MS,Senior,252.3333333333334,666
126.0,143.8,344.0,383.0,91.6,293.0,259.0,Dennis Larsson,Örebro EK,Motion -39,252.4000000000001,667
688.0,233.6,283.6,241.4,292.0,252.0,212.8,Magnus Ragnarsson,Skene MS,Motion 50-59,252.5666666666667,668
910.0,211.0,307.0,214.8,325.0,266.0,193.6,Oskar Geidby,MK Nitro,Motion 16-29,252.90000000000006,669
1527.0,268.4,268.6,283.8,161.0,282.6,253.2,Rikard Hofvander,Hallsbergs MK,Motion 40-49,252.9333333333334,670
1002.0,243.2,398.0,294.0,149.0,235.8,197.8,Aleksander Kalbekkdalen,Notodden Crossklubb,Senior,252.96666666666673,671
409.0,310.2,328.4,312.0,170.0,253.4,144.2,Arvid Siggesson,Tibro MK,Motion -39,253.03333333333336,672
904.0,169.0,291.0,294.0,325.0,261.0,179.0,Roger Erlandsson,Björkö EK,Motion 50-59,253.16666666666669,673
430.0,309.0,299.6,312.0,201.0,253.4,144.2,Asbjørn Sletholt,Flittig,Motion 60-,253.20000000000002,674
427.0,312.8,302.4,312.0,196.0,253.4,144.2,Carl Nydén,SMK Värnamo,Junior,253.4666666666667,675
414.0,310.2,328.4,312.0,174.0,253.4,144.2,Albin Pettersson,Kristdala MS,Motion -39,253.70000000000002,676
415.0,310.2,293.8,315.0,206.0,253.4,144.2,Markus Andersson,MK Team Treske,Motion 40-49,253.7666666666667,677
407.0,310.2,293.8,263.2,237.0,253.4,165.2,Philip Andersson,Haninge MK,Motion 16-29,253.8,678
405.0,310.2,328.4,312.0,175.0,253.4,144.2,Axel Karlsson,Laxå MK,Motion -39,253.86666666666667,679
515.0,206.4,337.0,298.0,221.2,283.2,178.0,Simon Gustafsson,Älvbygdens MK,Motion -39,253.96666666666673,680
564.0,182.8,303.8,351.0,237.0,284.0,165.8,Albin Glansén,Tidaholms MK,Ungdom E0,254.06666666666675,681
1000.0,243.2,403.0,269.4,149.0,262.6,197.8,Peter Elofsson,Skene MS,Motion 60-,254.1666666666667,682
28.0,346.0,354.0,381.0,155.0,174.6,116.6,Mikael Thräff,Götene MK,Motion 60-,254.53333333333333,683
546.0,217.4,313.0,281.0,243.4,276.4,200.4,Stefan Norström,Västerås MK,Motion 50-59,255.2666666666667,684
1249.0,309.0,282.4,291.0,148.0,241.8,260.4,Niclas Johansson,Kullings MS,Motion 50-59,255.43333333333334,685
1697.0,319.0,276.0,270.0,134.0,253.6,280.0,Jonas Eriksson,Skene MS,Motion 50-59,255.43333333333337,686
689.0,233.6,283.6,241.4,310.0,252.0,212.8,Göran Göransson,Björkö EK,Motion -39,255.5666666666667,687
462.0,249.0,316.0,316.0,145.0,298.0,210.2,Ludvig Hamberg,FMCK Skövde,Junior,255.70000000000002,688
932.0,216.0,296.0,278.0,279.6,283.0,183.0,Henrik Bolmelid,Westerviks MSK,Motion 50-59,255.93333333333337,689
1506.0,269.8,301.0,287.0,127.0,286.0,265.0,Kristian Trygg,Falköpings MK,Motion 40-49,255.96666666666667,690
1265.0,262.0,283.0,309.0,147.0,269.0,267.0,Wiktor Hjalmarsson,Oskarshamns MSK,Motion -39,256.16666666666674,691
1282.0,225.2,349.0,296.0,136.2,302.0,228.8,Ronny Larsen,Flittig Enduro,Motion 40-49,256.20000000000005,692
1514.0,273.0,289.0,290.0,146.0,299.0,242.0,Sebastian Carlsson,SMK Vadstena,Motion 40-49,256.5000000000001,693
406.0,310.2,328.4,312.0,191.0,253.4,144.2,Anton Gustavsson,Mariestads EK,Motion 40-49,256.5333333333334,694
695.0,233.6,283.6,253.4,308.0,252.0,210.6,Johan Debrianté,SMK Ljungby,Motion 40-49,256.8666666666667,695
984.0,219.8,361.0,310.2,133.2,300.0,218.0,Patrik Anehagen,Norrahammars MK,Motion 40-49,257.0333333333334,696
700.0,227.4,308.0,278.0,294.2,242.0,194.8,Joel Rådberg,SMK Trollhättan,Motion -39,257.4000000000001,697
438.0,283.8,337.2,338.4,163.0,253.6,168.6,Emil Gustavsson,Tibro MK,Senior,257.4333333333334,698
423.0,306.4,293.8,312.4,227.0,253.4,152.6,Joel Björkman,SMK Kolmården,Motion 16-29,257.6,699
963.0,201.6,372.0,250.6,176.4,316.0,229.0,Robert Fahlander,Hallsbergs MK,Motion 40-49,257.6,700
707.0,207.6,293.4,229.8,306.0,247.2,263.0,Peter Stjernström,SMK Södermanland,Motion 50-59,257.83333333333337,701
1512.0,266.0,296.2,303.0,133.4,295.0,255.4,Tobias Olofsson,Varbergs MK,Bredd,258.16666666666674,702
602.0,254.2,287.8,264.8,222.0,318.6,201.8,Moa Hammarbom,Nynäshamns MCK,Dam,258.20000000000005,703
689.0,241.4,297.0,307.0,274.0,248.0,182.0,Mikael Sengoltz,Wäxjö MS,Bredd,258.23333333333335,704
122.0,198.8,357.0,355.0,91.6,343.0,206.8,Ronnie Femerström,SMK Kolmården,Motion 50-59,258.70000000000005,705
617.0,256.0,298.2,277.8,288.2,261.4,172.0,Björn Axelsson,FMCK Skövde,Motion -39,258.9333333333333,706
696.0,233.6,283.6,253.4,321.0,252.0,210.6,Christer Hedihn,FMCK Borås,Motion 50-59,259.0333333333333,707
425.0,306.4,293.8,312.4,236.0,253.4,152.6,Isak Angerd,Tranemo MK,Junior,259.1,708
694.0,233.6,283.6,253.4,322.0,252.0,210.6,Viktor Hultman,Mariestads EK,Motion -39,259.20000000000005,709
476.0,267.4,304.4,336.0,211.0,259.6,177.6,Håkan Jägmar,Norrahammars MK,Motion 50-59,259.33333333333337,710
450.0,283.8,327.2,341.6,162.0,276.4,168.6,Jörgen Petersson,Oskarshamns MSK,Motion 50-59,259.9333333333334,711
919.0,270.0,309.0,205.0,325.0,233.8,217.0,Joakim Rosander,Upplands Väsby MK,Motion 50-59,259.9666666666667,712
69.0,220.6,350.0,273.2,120.4,301.0,295.0,Arvid Siggesson,Tibro MK,Motion 16-29,260.0333333333334,713
434.0,283.8,337.2,306.0,230.0,253.4,152.6,Hans Torsborn,Ulricehamns MK,Motion 40-49,260.5,714
426.0,306.8,299.6,312.4,250.0,241.6,152.6,Albin Johansson,Lidköpings MCK,Motion -39,260.5000000000001,715
416.0,306.4,293.8,312.4,247.0,253.4,152.6,Peter Lundin,Norrahammars MK,Bredd,260.9333333333334,716
913.0,221.0,293.0,320.0,325.0,251.0,156.0,Anders Johansson,MCK Hallandia,Motion 60-,261.0000000000001,717
442.0,283.8,337.2,342.6,165.0,276.4,168.6,Magnus Lilja,Älvbygdens MK,Motion 40-49,262.26666666666665,718
610.0,236.8,321.0,260.0,256.4,289.4,210.0,Dennis Eriksson,SMK Ronneby,Motion -39,262.26666666666665,719
711.0,215.0,322.2,272.0,304.6,260.0,200.0,Magnus Edberg,Huskvarna MK,Motion 40-49,262.30000000000007,720
1212.0,327.0,296.6,326.0,159.4,215.2,251.2,Erik Larsson,Tibro MK,Ungdom E1,262.5666666666667,721
489.0,321.0,279.4,341.0,201.0,235.2,198.6,Kenny Elfström,Örebro EK,Motion 50-59,262.70000000000005,722
544.0,201.0,305.0,311.0,264.2,282.0,213.0,Mikael Persson,Töreboda MK,Motion 60-,262.70000000000005,723
469.0,299.4,305.2,334.2,199.0,276.6,162.0,William Marcher,Hallsbergs MK,Ungdom E0,262.73333333333335,724
42.0,311.0,306.0,378.0,133.8,281.0,174.0,Magnus Holm,Vimmerby MS,Motion 50-59,263.9666666666667,725
601.0,254.2,287.8,311.2,226.0,303.0,201.8,Sixten Lundgren,Norrahammars MK,Junior,264.0,726
1590.0,294.0,284.0,288.6,179.0,269.6,271.0,Maria Thomsen,FMCK Borås,Motion -39,264.3666666666667,727
930.0,250.0,295.0,304.0,288.6,259.0,193.0,Emil Löf,Karlskoga EK,Junior,264.9333333333334,728
499.0,231.6,347.0,314.6,226.4,269.4,201.4,Sebastian Cederbrant,Gotland Enduro Cross MS,Senior,265.0666666666667,729
417.0,306.4,293.8,312.4,293.0,232.2,152.6,Markus Carlbom,FMCK Skövde,Junior,265.0666666666667,730
771.0,213.6,319.4,251.8,305.6,268.0,233.0,Johan Karlsson,Falköpings MK,Motion 50-59,265.23333333333335,731
579.0,187.4,297.0,307.0,258.0,312.0,232.8,Roger Ottosson,Vimmerby MS,Motion 50-59,265.70000000000005,732
454.0,299.4,323.8,332.0,183.6,275.2,180.6,Oskar Ljungström,Falköpings MK,Senior,265.76666666666665,733
624.0,260.4,284.0,279.0,292.0,286.8,192.4,Petter Wennerlund,Tranås MS,Senior,265.76666666666665,734
1258.0,267.6,344.0,311.8,159.0,279.0,236.0,Vilma Norlander,Kullings MS,Motion Dam,266.23333333333335,735
652.0,231.8,310.0,249.0,267.0,303.0,237.0,Per Eriksson,Hallsbergs MK,Motion 40-49,266.30000000000007,736
517.0,236.0,311.0,308.0,221.2,308.0,215.0,Jonas Green,Göta MS,Motion 50-59,266.5333333333334,737
199.0,156.4,369.0,371.0,112.0,315.0,277.0,Filip Johansson,Skene MS,Motion -39,266.73333333333335,738
435.0,283.8,337.2,341.4,212.0,276.4,152.6,Linus Adolfson,Ma Lerum,Bredd,267.23333333333335,739
115.0,306.0,294.0,313.0,88.8,317.4,286.0,Lars Arvidsson,Kullings MS,Motion 50-59,267.5333333333333,740
1246.0,212.8,382.0,279.0,172.0,264.2,296.0,Rikard Skerget,Stenungsunds MS,Motion 40-49,267.66666666666674,741
439.0,283.8,337.2,341.4,194.0,276.4,174.2,Gustav Östensson,Karlskoga EK,Ungdom E0,267.83333333333337,742
429.0,306.8,299.6,306.0,331.0,232.2,132.8,Marcus Bennerstam,Botkyrka MK,Motion 16-29,268.0666666666667,743
606.0,236.8,295.2,323.0,265.8,298.6,192.4,Fredrik Åkerfeldt,Uppsala MK,Motion 40-49,268.63333333333344,744
626.0,231.2,316.0,236.4,292.0,341.0,200.0,Sebastian Brodin,Örebro EK,Ungdom E0,269.4333333333334,745
550.0,260.0,365.2,305.0,237.4,280.0,174.0,Malte Olsson,Falköpings MK,Ungdom E0,270.26666666666665,746
591.0,259.8,276.4,297.8,284.0,288.2,218.8,Eric Gustafsson,SMK Vingåker,Motion -39,270.83333333333337,747
471.0,299.4,333.8,330.0,224.0,276.6,162.0,Arvid Petersson,Tranemo MK,Junior,270.9666666666667,748
728.0,227.4,323.0,290.4,302.4,272.4,214.0,Per Wikvist,Hallsbergs MK,Bredd,271.6,749
954.0,325.0,285.4,346.0,288.6,234.8,154.0,Jimmy Johansson,Tranås MS,Motion 50-59,272.30000000000007,750
502.0,269.0,317.0,336.0,239.4,278.4,195.0,Liam Ljungström,SMK Vingåker,Ungdom E1,272.4666666666667,751
511.0,232.0,353.0,321.0,240.4,296.0,202.4,Stefan Johansson,Karlskoga EK,Bredd,274.1333333333333,752
1252.0,317.0,329.0,322.6,144.0,253.4,283.0,Ulf Åström,Wäxjö MS,Motion 40-49,274.83333333333337,753
922.0,226.2,330.0,255.0,325.0,275.6,238.6,Robban Markusson,SMK Vadstena,Motion 40-49,275.0666666666667,754
669.0,240.0,298.0,329.0,270.0,306.0,208.0,Erik Wahlström,FMCK Skövde,Senior,275.16666666666674,755
612.0,245.4,340.0,272.8,260.2,317.0,216.2,Olle Samuelsson,Vimmerby MS,Motion -39,275.26666666666677,756
445.0,283.8,337.2,341.6,252.0,276.6,162.0,Simon Öberg,Norrahammars MK,Motion -39,275.5333333333334,757
599.0,259.8,276.4,311.2,303.0,303.0,201.8,OkAnton Torgin,Donkelo RK,Motion -39,275.8666666666667,758
529.0,262.0,326.0,301.0,244.6,278.0,250.0,Patrik Högberg,Edsvära MCK,Motion 50-59,276.9333333333334,759
956.0,253.0,332.0,343.0,250.8,296.0,188.4,Stefan Hjelm,Åbågen MCK,Motion 50-59,277.20000000000005,760
538.0,272.0,380.0,226.0,250.2,303.8,234.8,Roger Berglund,Försvarsmaktens EK,Motion 50-59,277.79999999999995,761
762.0,233.4,335.0,295.0,306.2,268.0,230.8,Alfred Ivarsson,Älvbygdens MK,Motion -39,278.0666666666667,762
764.0,233.6,298.4,269.0,306.2,289.2,274.0,Hampus Östensson,Hallsbergs MK,Motion -39,278.4,763
883.0,232.0,315.0,294.8,325.0,270.0,235.0,Benny Andersson,Kullings MS,Motion 50-59,278.6333333333333,764
1201.0,315.0,343.0,340.0,142.0,264.0,272.0,Alfred Karlsson,FMCK Skövde,Junior,279.33333333333337,765
534.0,283.0,388.0,231.8,221.6,317.0,234.8,Ola Thorell,Hogdals Motor Klubb,Motion 40-49,279.3666666666667,766
937.0,252.0,390.0,250.2,325.0,263.4,197.6,Patrik Kerttu,Kortedala MK,Bredd,279.70000000000005,767
444.0,285.0,340.2,341.6,187.2,335.0,196.8,Max Erlandsson,Falköpings MK,Senior,280.9666666666667,768
586.0,218.6,352.0,325.0,268.0,319.0,203.4,Dennis Henberg,Hjo MK,Junior,281.0000000000001,769
604.0,237.2,323.2,293.8,313.0,318.6,201.8,Melker Kihlgren,Hjo MK,Ungdom E0,281.26666666666665,770
434.0,294.4,371.0,353.0,227.4,275.0,167.2,Mikael Hjelm,Finspångs MS,Motion 40-49,281.33333333333337,771
936.0,198.6,386.0,234.0,325.0,305.0,239.8,Oskar Hultgren,Gotland Enduro Cross MS,Motion 16-29,281.4000000000001,772
1570.0,295.6,337.4,369.0,157.0,259.8,271.0,Ronny Eskengren,Älvbygdens MK,Motion 40-49,281.6333333333333,773
974.0,259.0,362.0,338.0,143.0,329.0,262.0,Johan Saeland,Kullings MS,Motion 16-29,282.16666666666674,774
458.0,302.6,335.8,370.0,178.0,294.0,214.0,Tony Lundberg,Hällefors MK,Motion 50-59,282.4000000000001,775
907.0,194.0,325.0,335.0,325.0,295.0,221.0,Magnus Lundén,Wäxjö MS,Bredd,282.5000000000001,776
456.0,302.6,335.8,368.0,194.6,285.2,214.0,Elvira Auvinen,FMCK Skövde,Ungdom E0,283.3666666666667,777
598.0,242.0,325.6,328.0,269.6,321.0,216.2,Benny Andersson,Norrahammars MK,Motion 40-49,283.73333333333335,778
111.0,285.0,345.0,382.0,88.8,312.8,289.0,Richard Karlsson,Götene MK,Motion 50-59,283.76666666666677,779
1516.0,323.0,359.0,333.8,157.0,259.8,271.0,Einar Sevefelt,SMK Eksjö,Ungdom E0,283.9333333333334,780
594.0,329.0,309.6,321.8,269.8,276.0,198.2,Ronnie Bengtsson,Tidaholms MK,Motion 50-59,284.0666666666667,781
1264.0,300.6,385.0,359.0,146.8,264.6,249.4,Daniel Rålin,FMCK Strängnäs,Motion 40-49,284.23333333333335,782
982.0,251.4,383.0,361.0,148.8,300.4,261.0,Daniel Lundqvist,Töreboda MK,Motion 40-49,284.26666666666665,783
407.0,333.0,328.4,324.0,177.0,293.2,256.0,Morgan Ernstsson,Bengtsfors MCC,Motion 60-,285.26666666666665,784
998.0,285.4,376.0,356.0,148.8,331.0,216.4,Joakim Svensson,Linköpings MS,Bredd,285.6,785
1368.0,338.0,365.0,327.0,138.0,313.0,234.6,Carl Olsson,FMCK Skövde,Junior,285.9333333333334,786
703.0,227.4,358.0,298.6,306.0,318.0,208.2,Sven Sköld,SMK Värnamo,Motion 50-59,286.0333333333333,787
921.0,220.0,332.4,291.0,325.0,256.2,299.0,Melvin Qvist,Solshesters MCK,Ungdom E0,287.26666666666677,788
699.0,290.0,317.2,290.4,294.2,310.0,223.0,Jakob Johansson,Tidaholms MK,Motion -39,287.4666666666667,789
980.0,282.0,373.4,357.0,134.4,328.0,252.0,Joel Hjelte,Linköpings MS,Motion -39,287.80000000000007,790
311.0,313.0,356.0,345.0,158.0,323.0,234.0,Jonas Karlsson,Hjo MK,Bredd,288.16666666666674,791
1509.0,307.6,305.0,365.0,155.6,325.0,271.0,Robert Strandberg,Hjo MK,Motion 40-49,288.20000000000005,792
602.0,262.4,329.8,301.4,261.0,304.2,279.0,Nils Jadermark,Karlskoga MF,Motion -39,289.6333333333333,793
1121.0,269.0,393.0,351.8,145.6,319.6,264.6,Theodor Popp,SMK Värnamo,Ungdom E1,290.6,794
1271.0,340.0,305.4,336.0,156.0,314.0,302.0,Calle Smolsky,Botkyrka MK,Motion 40-49,292.23333333333335,795
503.0,331.0,265.0,387.0,242.4,346.0,182.8,Linus Kjellström,Götene MK,Motion 30-39,292.3666666666667,796
1555.0,307.6,392.0,363.0,165.8,259.8,271.0,Andreas Johansson,Carlsborgs MK,Bredd,293.20000000000005,797
769.0,252.2,324.8,290.4,305.6,326.0,269.0,Dan Ask,SMK Trollhättan,Motion 60-,294.66666666666674,798
70.0,348.0,359.4,367.0,120.4,287.0,287.0,Hannes Östensson,MK Ran,Bredd,294.80000000000007,799
415.0,323.6,377.0,347.0,160.0,322.0,240.8,Anton Magnusson,Norrahammars MK,Ungdom E0,295.0666666666667,800
915.0,264.0,333.0,334.0,325.0,288.0,238.0,Felix Johansson,Kinds MK,Motion -39,297.0,801
400.0,330.0,338.0,364.0,202.8,324.8,223.6,Alice Wahlström,Hallsbergs MK,Ungdom E0,297.20000000000005,802
951.0,271.0,374.0,353.0,264.6,309.0,218.6,Victor Sterling,Linköpings MS,Ungdom E1,298.3666666666667,803
450.0,314.0,367.0,358.8,187.2,328.6,236.6,Thure Rudklint,Oskarshamns MSK,Ungdom E1,298.70000000000005,804
50.0,347.0,351.6,376.0,157.8,285.0,288.0,Filip Georgsson,Tibro MK,Ungdom E0,300.9,805
124.0,335.0,391.0,373.0,90.4,340.0,281.0,Johan Ask,FMCK Strängnäs,Motion 40-49,301.73333333333335,806
614.0,276.4,363.0,348.0,269.2,327.0,231.0,Johan Svensson,Falköpings MK,Motion -39,302.4333333333334,807
1507.0,307.6,375.0,352.0,164.0,332.0,285.0,Fredrik Langvall,Skene MS,Motion 50-59,302.6,808
926.0,253.2,342.0,342.0,325.0,297.4,258.0,Marcus Eisner,FMCK Skövde,Junior,302.9333333333334,809
451.0,332.0,378.0,349.0,193.6,328.6,236.6,Lars-Gunnar Skogh,Falköpings MK,Motion 60-,302.9666666666667,810
1510.0,342.0,389.0,374.0,168.0,259.8,303.0,Pierre Ferm,SMK Östgöta,Motion 50-59,305.9666666666667,811
983.0,307.0,402.0,339.4,148.2,344.0,298.0,Casper Svahn,Örebro MK,Ungdom E1,306.4333333333334,812
999.0,308.0,394.0,377.0,148.2,339.0,275.0,Inge Edberg,Huskvarna MK,Motion 60-,306.8666666666667,813
459.0,343.0,381.0,362.0,195.0,328.6,240.8,Linus Ernstsson,Bengtsfors MCC,Motion -39,308.4,814
1250.0,326.0,370.0,360.0,192.0,320.0,290.0,Johan Kivi,SMK Gävle,Motion 40-49,309.66666666666674,815
11.0,336.0,384.0,372.0,149.0,334.0,293.0,Rasmus Andersson,MK Orion,Senior,311.33333333333337,816
906.0,298.0,373.0,296.2,325.0,317.2,270.0,Robert Salomonsson,Tibro MK,Motion 50-59,313.23333333333335,817
429.0,337.0,366.0,375.0,242.8,328.6,233.4,Jan-Eric Höög,Skene MS,Motion 50-59,313.80000000000007,818
594.0,253.8,379.0,384.0,269.6,330.0,268.0,Magnus Lundén,Wäxjö MS,Motion 50-59,314.0666666666667,819
508.0,301.0,321.8,380.0,243.0,342.0,304.0,Christer Huss,Göta MS,Motion 40-49,315.30000000000007,820
912.0,284.0,368.0,344.0,325.0,313.6,271.4,Mikael Wargbäck,FMCK Borås,Motion 50-59,317.66666666666674,821
590.0,341.0,396.0,386.0,273.8,338.0,271.0,Joakim Bröms,Mälarö MCK,Motion 50-59,334.30000000000007,822
914.0,322.0,399.0,366.0,325.0,337.0,292.0,Jesper Herngren,Falköpings MK,Motion -39,340.16666666666674,823
902.0,344.0,404.0,385.0,325.0,347.0,265.0,Lukas Engerstad,Skene MS,Junior,345.0000000000001,824
